Athlete_Comp,Metric,Finish,Gender,Judge_1_Score,Judge_2_Score,Judge_3_Score,Judge_4_Score,Judge_5_Score,Judge_6_Score_1,Judge_7_Score_1,Round_Group,Season,Season_Comp,Round,Wind,Athlete_name
ITO Miki - JPN - Canadian Selections 2 - 2019 - Qualification 1,70.56,4,Women,17.1,16.8,17.7,16.9,16.3,4.2,5.2,Qualification,2019,2019-Canadian Selections 2,Qualification 1,0.0,ITO Miki - JPN
KOEHLER Kaylee - CAN - Canadian Selections 1 - 2019 - Qualification 1,63.51,9,Women,13.7,14.8,16.6,14.6,15.0,5.1,6.7,Qualification,2019,2019-Canadian Selections 1,Qualification 1,0.0,KOEHLER Kaylee - CAN
MALHERBE Malica - CAN - Canada Cup 2 - 2019 - Final 1,32.44,9,Women,13.0,12.6,13.0,12.9,12.7,5.5,5.7,Finals,2019,2019-Canada Cup 2,Final 1,0.0,MALHERBE Malica - CAN
MIYAMOTO Juri - JPN - Canadian Selections 1 - 2019 - Qualification 1,35.74,16,Women,12.4,12.0,13.6,13.0,14.0,6.3,6.4,Qualification,2019,2019-Canadian Selections 1,Qualification 1,0.0,MIYAMOTO Juri - JPN
BUTTERWORTH Cassidy - CAN - Canadian Selections 1 - 2019 - Qualification 1,44.69,14,Women,14.0,13.3,12.6,13.3,11.4,5.6,6.2,Qualification,2019,2019-Canadian Selections 1,Qualification 1,0.0,BUTTERWORTH Cassidy - CAN
MIKKELSEN Maya - CAN - Canadian Selections 2 - 2019 - Qualification 1,53.72,12,Women,14.0,13.0,13.9,14.6,12.0,5.0,5.6,Qualification,2019,2019-Canadian Selections 2,Qualification 1,0.0,MIKKELSEN Maya - CAN
BEAULIEU Maëlle - CAN - Canada Cup 2 - 2019 - Qualification 1,41.38,15,Women,13.0,13.9,12.9,12.8,12.3,6.4,6.2,Qualification,2019,2019-Canada Cup 2,Qualification 1,0.0,BEAULIEU Maëlle - CAN
LE BRASSARD Noemie - CAN - Canada Cup 1 - 2019 - Qualification 2,49.78,14,Women,13.8,13.0,13.1,13.1,12.4,4.8,4.6,Qualification,2019,2019-Canada Cup 1,Qualification 2,0.0,LE BRASSARD Noemie - CAN
KOEHLER Kaylee - CAN - Canada Cup 2 - 2019 - Qualification 1,74.04,1,Women,16.6,16.7,18.0,16.3,16.1,8.2,8.3,Qualification,2019,2019-Canada Cup 2,Qualification 1,0.0,KOEHLER Kaylee - CAN
MIYAMOTO Juri - JPN - Canadian Selections 2 - 2019 - Qualification 1,60.32,9,Women,14.3,15.7,15.4,15.6,14.6,5.8,6.1,Qualification,2019,2019-Canadian Selections 2,Qualification 1,0.0,MIYAMOTO Juri - JPN
HURRY Kiera - CAN - Canada Cup 1 - 2019 - Qualification 1,44.13,20,Women,12.3,12.2,12.3,13.4,14.2,3.8,4.2,Qualification,2019,2019-Canada Cup 1,Qualification 1,0.0,HURRY Kiera - CAN
TODD Kassidy - CAN - Canada Cup 1 - 2019 - Qualification 1,60.13,7,Women,15.8,15.6,16.1,15.6,15.8,6.0,6.1,Qualification,2019,2019-Canada Cup 1,Qualification 1,0.0,TODD Kassidy - CAN
LABELLE Cassandre - CAN - Canada Cup 1 - 2019 - Qualification 2,55.03,8,Women,12.6,13.8,13.9,12.6,13.8,5.6,5.0,Qualification,2019,2019-Canada Cup 1,Qualification 2,0.0,LABELLE Cassandre - CAN
YANAGIMOTO Rino - JPN - Canadian Selections 1 - 2019 - Final 1,64.65,5,Women,17.7,16.7,16.3,16.7,17.2,5.4,5.8,Finals,2019,2019-Canadian Selections 1,Final 1,0.0,YANAGIMOTO Rino - JPN
TODD Kassidy - CAN - Canada Cup 1 - 2019 - Qualification 2,69.83,1,Women,15.4,15.6,15.5,15.0,15.6,7.6,7.9,Qualification,2019,2019-Canada Cup 1,Qualification 2,0.0,TODD Kassidy - CAN
CONN Lynette - CAN - Canada Cup 2 - 2019 - Qualification 2,13.41,18,Women,11.1,11.0,10.3,13.2,11.9,6.7,6.8,Qualification,2019,2019-Canada Cup 2,Qualification 2,0.0,CONN Lynette - CAN
LINTON Jessica - CAN - Canada Cup 2 - 2019 - Final 1,66.23,2,Women,14.8,14.9,16.6,14.4,15.0,7.0,7.1,Finals,2019,2019-Canada Cup 2,Final 1,0.0,LINTON Jessica - CAN
ITO Miki - JPN - Canadian Selections 1 - 2019 - Final 1,72.37,3,Women,17.8,16.8,16.2,16.7,17.0,4.3,6.2,Finals,2019,2019-Canadian Selections 1,Final 1,0.0,ITO Miki - JPN
SPARROW Demitra - CAN - Canada Cup 2 - 2019 - Qualification 1,48.29,11,Women,12.5,14.4,12.3,13.9,14.3,5.7,5.8,Qualification,2019,2019-Canada Cup 2,Qualification 1,0.0,SPARROW Demitra - CAN
VAILLANCOURT Sandrine - CAN - Canadian Selections 1 - 2019 - Qualification 1,66.78,8,Women,15.6,14.6,13.1,15.7,15.6,6.2,6.5,Qualification,2019,2019-Canadian Selections 1,Qualification 1,0.0,VAILLANCOURT Sandrine - CAN
URTON Melisa - CAN - Canada Cup 2 - 2019 - Qualification 1,36.86,19,Women,12.5,12.5,12.6,12.6,12.9,5.0,5.0,Qualification,2019,2019-Canada Cup 2,Qualification 1,0.0,URTON Melisa - CAN
MIYAMOTO Juri - JPN - Canadian Selections 1 - 2019 - Qualification 2,58.08,4,Women,14.2,14.8,13.7,15.3,14.0,6.5,5.7,Qualification,2019,2019-Canadian Selections 1,Qualification 2,0.0,MIYAMOTO Juri - JPN
VAILLANCOURT Sandrine - CAN - Canadian Selections 2 - 2019 - Qualification 1,60.31,10,Women,16.2,13.2,15.8,14.9,14.1,5.5,5.1,Qualification,2019,2019-Canadian Selections 2,Qualification 1,0.0,VAILLANCOURT Sandrine - CAN
TAKAHASHI Shiori - JPN - Canadian Selections 2 - 2019 - Qualification 2,62.75,2,Women,14.3,15.5,15.7,15.7,15.6,5.8,5.8,Qualification,2019,2019-Canadian Selections 2,Qualification 2,0.0,TAKAHASHI Shiori - JPN
KOEHLER Kaylee - CAN - Canadian Selections 1 - 2019 - Qualification 2,62.75,2,Women,13.9,14.3,15.0,15.0,16.1,5.8,5.7,Qualification,2019,2019-Canadian Selections 1,Qualification 2,0.0,KOEHLER Kaylee - CAN
SAYERS Jana - CAN - Canada Cup 2 - 2019 - Qualification 1,46.16,12,Women,14.1,14.5,14.2,12.7,12.9,6.8,6.9,Qualification,2019,2019-Canada Cup 2,Qualification 1,0.0,SAYERS Jana - CAN
SCHWINGHAMER Mackenzie - CAN - Canada Cup 1 - 2019 - Final 1,73.42,1,Women,16.0,16.3,16.0,16.3,16.0,7.8,8.0,Finals,2019,2019-Canada Cup 1,Final 1,0.0,SCHWINGHAMER Mackenzie - CAN
WOLFE Marie  Elizabeth - CAN - Canada Cup 1 - 2019 - Qualification 2,51.15,13,Women,12.8,13.8,12.9,13.1,12.4,5.3,5.4,Qualification,2019,2019-Canada Cup 1,Qualification 2,0.0,WOLFE Marie  Elizabeth - CAN
BERGEVIN Mikela - CAN - Canadian Selections 1 - 2019 - Final 1,62.76,7,Women,14.9,15.4,15.8,15.3,16.6,4.3,4.0,Finals,2019,2019-Canadian Selections 1,Final 1,0.0,BERGEVIN Mikela - CAN
ALLARD Nalya - CAN - Canada Cup 1 - 2019 - Qualification 1,55.09,11,Women,14.3,13.7,13.5,13.8,13.2,4.8,4.5,Qualification,2019,2019-Canada Cup 1,Qualification 1,0.0,ALLARD Nalya - CAN
CLEGG Sina - CAN - Canada Cup 2 - 2019 - Qualification 2,51.44,6,Women,14.8,14.9,13.3,14.5,14.5,8.2,8.1,Qualification,2019,2019-Canada Cup 2,Qualification 2,0.0,CLEGG Sina - CAN
TAKAHASHI Shiori - JPN - Canadian Selections 2 - 2019 - Qualification 1,53.6,13,Women,15.3,12.9,15.9,15.6,10.1,4.9,5.0,Qualification,2019,2019-Canadian Selections 2,Qualification 1,0.0,TAKAHASHI Shiori - JPN
LINTON Jessica - CAN - Canadian Selections 1 - 2019 - Qualification 2,8.32,12,Women,12.5,13.3,11.0,12.9,13.0,5.4,4.6,Qualification,2019,2019-Canadian Selections 1,Qualification 2,0.0,LINTON Jessica - CAN
BUTTERWORTH Cassidy - CAN - Canadian Selections 2 - 2019 - Qualification 1,49.08,16,Women,12.7,14.4,13.4,14.0,13.4,6.0,6.8,Qualification,2019,2019-Canadian Selections 2,Qualification 1,0.0,BUTTERWORTH Cassidy - CAN
TODD Kassidy - CAN - Canadian Selections 1 - 2019 - Qualification 2,20.3,11,Women,14.1,13.6,12.8,14.0,12.8,6.9,7.0,Qualification,2019,2019-Canadian Selections 1,Qualification 2,0.0,TODD Kassidy - CAN
PERNITSKY Lillian - CAN - Canada Cup 2 - 2019 - Qualification 1,59.99,5,Women,16.0,15.5,14.0,15.2,15.4,6.8,6.5,Qualification,2019,2019-Canada Cup 2,Qualification 1,0.0,PERNITSKY Lillian - CAN
ENGLISH Karisa - CAN - Canada Cup 1 - 2019 - Qualification 1,50.86,16,Women,13.8,14.0,14.2,13.7,14.3,6.0,5.8,Qualification,2019,2019-Canada Cup 1,Qualification 1,0.0,ENGLISH Karisa - CAN
PERNISIE Hailie - CAN - Canada Cup 2 - 2019 - Qualification 2,9.35,20,Women,10.8,10.0,11.6,11.4,12.0,4.8,4.9,Qualification,2019,2019-Canada Cup 2,Qualification 2,0.0,PERNISIE Hailie - CAN
BUTTERWORTH Cassidy - CAN - Canada Cup 1 - 2019 - Final 1,59.06,6,Women,14.5,14.6,14.9,14.7,14.8,5.8,5.5,Finals,2019,2019-Canada Cup 1,Final 1,0.0,BUTTERWORTH Cassidy - CAN
MACDONALD Ainsley - CAN - Canadian Selections 1 - 2019 - Qualification 2,26.36,10,Women,11.7,11.8,10.7,12.8,10.0,3.1,3.9,Qualification,2019,2019-Canadian Selections 1,Qualification 2,0.0,MACDONALD Ainsley - CAN
TURGEON Laurane - CAN - Canada Cup 1 - 2019 - Qualification 2,54.14,11,Women,12.0,12.2,14.0,12.2,13.7,6.5,6.4,Qualification,2019,2019-Canada Cup 1,Qualification 2,0.0,TURGEON Laurane - CAN
TODD Kassidy - CAN - Canadian Selections 2 - 2019 - Qualification 1,57.6,11,Women,15.3,15.4,14.1,14.5,12.9,4.6,4.7,Qualification,2019,2019-Canadian Selections 2,Qualification 1,0.0,TODD Kassidy - CAN
SCHWINGHAMMER Maia - CAN - Canadian Selections 2 - 2019 - Qualification 1,75.16,1,Women,17.0,17.5,18.0,18.1,18.2,6.5,6.2,Qualification,2019,2019-Canadian Selections 2,Qualification 1,0.0,SCHWINGHAMMER Maia - CAN
GODBOUT Rowanne - CAN - Canada Cup 1 - 2019 - Qualification 1,54.36,13,Women,15.4,13.1,13.6,14.4,15.7,6.0,5.7,Qualification,2019,2019-Canada Cup 1,Qualification 1,0.0,GODBOUT Rowanne - CAN
OGIHARA Nagi - JPN - Canadian Selections 1 - 2019 - Qualification 1,71.85,3,Women,16.9,17.0,16.2,16.8,18.5,5.3,4.1,Qualification,2019,2019-Canadian Selections 1,Qualification 1,0.0,OGIHARA Nagi - JPN
GIBSON Olivia - CAN - Canada Cup 2 - 2019 - Qualification 1,55.96,6,Women,14.4,14.8,14.7,14.0,14.7,7.2,7.4,Qualification,2019,2019-Canada Cup 2,Qualification 1,0.0,GIBSON Olivia - CAN
TODD Kassidy - CAN - Canadian Selections 1 - 2019 - Final 1,63.0,6,Women,16.1,16.2,14.8,15.3,14.9,5.5,5.7,Finals,2019,2019-Canadian Selections 1,Final 1,0.0,TODD Kassidy - CAN
KOEHLER Ashley - CAN - Canada Cup 2 - 2019 - Qualification 2,56.84,3,Women,13.2,14.0,16.4,15.2,14.5,8.1,8.1,Qualification,2019,2019-Canada Cup 2,Qualification 2,0.0,KOEHLER Ashley - CAN
DESMARAIS GILBERT Laurianne - CAN - Canadian Selections 1 - 2019 - Qualification 1,67.54,6,Women,17.2,16.4,16.7,16.6,17.0,7.3,7.0,Qualification,2019,2019-Canadian Selections 1,Qualification 1,0.0,DESMARAIS GILBERT Laurianne - CAN
WOLFE Marie  Elizabeth - CAN - Canada Cup 1 - 2019 - Qualification 1,52.05,15,Women,12.4,13.8,13.5,13.1,13.4,4.4,4.5,Qualification,2019,2019-Canada Cup 1,Qualification 1,0.0,WOLFE Marie  Elizabeth - CAN
DESMARAIS GILBERT Laurianne - CAN - Canadian Selections 2 - 2019 - Qualification 1,64.38,7,Women,17.1,16.4,16.0,16.3,14.7,6.8,6.2,Qualification,2019,2019-Canadian Selections 2,Qualification 1,0.0,DESMARAIS GILBERT Laurianne - CAN
BOULIANNE Annarose - CAN - Canada Cup 1 - 2019 - Qualification 2,56.97,4,Women,13.8,14.3,13.6,13.4,14.0,5.6,5.7,Qualification,2019,2019-Canada Cup 1,Qualification 2,0.0,BOULIANNE Annarose - CAN
MIKKELSEN Maya - CAN - Canadian Selections 1 - 2019 - Qualification 2,46.09,9,Women,14.3,14.9,13.1,14.2,14.5,3.7,3.8,Qualification,2019,2019-Canadian Selections 1,Qualification 2,0.0,MIKKELSEN Maya - CAN
KOEHLER Kaylee - CAN - Canadian Selections 1 - 2019 - Final 1,59.14,10,Women,15.0,15.2,15.6,15.0,16.0,5.7,6.0,Finals,2019,2019-Canadian Selections 1,Final 1,0.0,KOEHLER Kaylee - CAN
TAKAHASHI Shiori - JPN - Canadian Selections 1 - 2019 - Qualification 2,47.1,7,Women,13.7,12.8,13.7,14.0,12.0,4.9,4.2,Qualification,2019,2019-Canadian Selections 1,Qualification 2,0.0,TAKAHASHI Shiori - JPN
MIYAMOTO Juri - JPN - Canadian Selections 1 - 2019 - Final 1,49.94,12,Women,15.7,15.0,14.6,14.7,15.2,4.5,4.3,Finals,2019,2019-Canadian Selections 1,Final 1,0.0,MIYAMOTO Juri - JPN
KOEHLER Kaylee - CAN - Canadian Selections 2 - 2019 - Qualification 2,62.43,3,Women,15.7,15.4,14.7,14.8,17.9,4.8,5.2,Qualification,2019,2019-Canadian Selections 2,Qualification 2,0.0,KOEHLER Kaylee - CAN
CONN Lynette - CAN - Canada Cup 2 - 2019 - Qualification 1,40.77,16,Women,13.2,13.6,13.8,10.9,10.4,5.1,5.1,Qualification,2019,2019-Canada Cup 2,Qualification 1,0.0,CONN Lynette - CAN
LABELLE Cassandre - CAN - Canadian Selections 1 - 2019 - Qualification 2,50.72,6,Women,12.3,12.8,13.0,15.0,13.2,3.7,2.6,Qualification,2019,2019-Canadian Selections 1,Qualification 2,0.0,LABELLE Cassandre - CAN
ITO Miki - JPN - Canadian Selections 1 - 2019 - Qualification 1,68.75,5,Women,16.4,15.4,16.1,16.4,16.0,5.3,5.4,Qualification,2019,2019-Canadian Selections 1,Qualification 1,0.0,ITO Miki - JPN
GHERT Talya - CAN - Canada Cup 2 - 2019 - Qualification 2,17.08,16,Women,13.3,13.0,12.9,14.0,14.0,3.8,3.9,Qualification,2019,2019-Canada Cup 2,Qualification 2,0.0,GHERT Talya - CAN
JEHN Kate - CAN - Canada Cup 2 - 2019 - Qualification 1,34.33,22,Women,11.3,11.7,12.2,11.3,11.5,4.3,4.2,Qualification,2019,2019-Canada Cup 2,Qualification 1,0.0,JEHN Kate - CAN
DAMBERGS Ella - CAN - Canada Cup 2 - 2019 - Qualification 1,12.75,27,Women,11.7,12.1,12.0,10.3,11.3,1.8,1.8,Qualification,2019,2019-Canada Cup 2,Qualification 1,0.0,DAMBERGS Ella - CAN
KOEHLER Ashley - CAN - Canada Cup 1 - 2019 - Qualification 1,73.72,1,Women,16.0,15.8,16.1,16.0,16.2,7.6,7.8,Qualification,2019,2019-Canada Cup 1,Qualification 1,0.0,KOEHLER Ashley - CAN
OGIHARA Nagi - JPN - Canadian Selections 2 - 2019 - Qualification 1,74.56,2,Women,16.7,17.9,18.4,17.3,18.6,5.2,4.5,Qualification,2019,2019-Canadian Selections 2,Qualification 1,0.0,OGIHARA Nagi - JPN
CLEGG Sina - CAN - Canada Cup 2 - 2019 - Final 1,19.36,10,Women,13.6,12.4,14.7,11.9,13.5,1.7,1.8,Finals,2019,2019-Canada Cup 2,Final 1,0.0,CLEGG Sina - CAN
BERGEVIN Mikela - CAN - Canadian Selections 2 - 2019 - Qualification 1,67.62,6,Women,14.6,16.7,16.1,15.9,16.5,5.6,5.4,Qualification,2019,2019-Canadian Selections 2,Qualification 1,0.0,BERGEVIN Mikela - CAN
WALKER Leda - CAN - Canada Cup 2 - 2019 - Qualification 1,60.28,4,Women,14.4,14.1,13.7,15.2,14.8,8.2,8.1,Qualification,2019,2019-Canada Cup 2,Qualification 1,0.0,WALKER Leda - CAN
BUTTERWORTH Cassidy - CAN - Canada Cup 1 - 2019 - Qualification 2,56.55,5,Women,15.3,14.2,15.1,14.1,15.2,5.9,5.6,Qualification,2019,2019-Canada Cup 1,Qualification 2,0.0,BUTTERWORTH Cassidy - CAN
GIBSON Olivia - CAN - Canada Cup 1 - 2019 - Qualification 1,62.83,6,Women,16.5,16.0,15.5,15.1,15.5,6.4,5.9,Qualification,2019,2019-Canada Cup 1,Qualification 1,0.0,GIBSON Olivia - CAN
LINTON Jessica - CAN - Canada Cup 1 - 2019 - Final 1,62.89,4,Women,15.0,15.2,15.3,14.9,15.0,6.4,6.5,Finals,2019,2019-Canada Cup 1,Final 1,0.0,LINTON Jessica - CAN
SCHWINGHAMER Mackenzie - CAN - Canadian Selections 1 - 2019 - Final 1,62.36,8,Women,15.2,14.7,15.2,15.9,16.8,5.0,4.5,Finals,2019,2019-Canadian Selections 1,Final 1,0.0,SCHWINGHAMER Mackenzie - CAN
TODD Kassidy - CAN - Canadian Selections 1 - 2019 - Qualification 1,54.85,11,Women,14.1,15.0,13.7,14.9,11.0,4.2,5.4,Qualification,2019,2019-Canadian Selections 1,Qualification 1,0.0,TODD Kassidy - CAN
ENGLISH Karisa - CAN - Canada Cup 2 - 2019 - Final 1,54.85,7,Women,15.1,14.8,13.5,15.3,14.3,6.7,6.9,Finals,2019,2019-Canada Cup 2,Final 1,0.0,ENGLISH Karisa - CAN
LINTON Jessica - CAN - Canada Cup 2 - 2019 - Qualification 2,64.43,2,Women,15.8,15.7,16.8,15.7,15.5,6.0,5.7,Qualification,2019,2019-Canada Cup 2,Qualification 2,0.0,LINTON Jessica - CAN
WHITFORD Elisabeth - CAN - Canada Cup 1 - 2019 - Qualification 1,64.43,5,Women,15.5,16.1,15.0,16.1,15.8,7.9,7.9,Qualification,2019,2019-Canada Cup 1,Qualification 1,0.0,WHITFORD Elisabeth - CAN
SCHWINGHAMER Mackenzie - CAN - Canadian Selections 1 - 2019 - Qualification 1,42.6,15,Women,13.3,12.9,13.4,13.4,4.0,6.8,6.7,Qualification,2019,2019-Canadian Selections 1,Qualification 1,0.0,SCHWINGHAMER Mackenzie - CAN
CAPICIK Chase - CAN - Canadian Selections 1 - 2019 - Qualification 1,0.3,19,Women,0.0,0.0,0.0,0.0,0.0,0.0,0.0,Qualification,2019,2019-Canadian Selections 1,Qualification 1,0.0,CAPICIK Chase - CAN
KOEHLER Kaylee - CAN - Canada Cup 1 - 2019 - Qualification 1,69.38,3,Women,16.2,15.8,16.2,15.5,15.8,6.0,5.8,Qualification,2019,2019-Canada Cup 1,Qualification 1,0.0,KOEHLER Kaylee - CAN
TODD Kassidy - CAN - Canada Cup 2 - 2019 - Qualification 1,36.29,20,Women,14.5,14.5,15.1,14.0,14.0,4.0,4.0,Qualification,2019,2019-Canada Cup 2,Qualification 1,0.0,TODD Kassidy - CAN
SCHWINGHAMMER Maia - CAN - Canadian Selections 1 - 2019 - Qualification 1,77.57,1,Women,18.2,18.0,16.6,17.4,16.5,7.0,8.0,Qualification,2019,2019-Canadian Selections 1,Qualification 1,0.0,SCHWINGHAMMER Maia - CAN
GODBOUT Rowanne - CAN - Canada Cup 2 - 2019 - Final 1,59.27,5,Women,14.5,14.2,15.9,13.8,14.9,6.5,6.4,Finals,2019,2019-Canada Cup 2,Final 1,0.0,GODBOUT Rowanne - CAN
SPARROW Demitra - CAN - Canada Cup 2 - 2019 - Qualification 2,41.87,9,Women,14.2,14.3,13.0,11.9,12.5,4.7,4.5,Qualification,2019,2019-Canada Cup 2,Qualification 2,0.0,SPARROW Demitra - CAN
STODDART Clare - CAN - Canada Cup 1 - 2019 - Qualification 1,47.19,19,Women,11.4,11.8,12.8,12.2,12.5,4.0,4.6,Qualification,2019,2019-Canada Cup 1,Qualification 1,0.0,STODDART Clare - CAN
CAPICIK Chase - CAN - Canada Cup 2 - 2019 - Final 1,64.85,3,Women,15.4,15.6,15.7,15.8,15.7,7.2,7.3,Finals,2019,2019-Canada Cup 2,Final 1,0.0,CAPICIK Chase - CAN
BUTTERWORTH Cassidy - CAN - Canada Cup 2 - 2019 - Qualification 1,48.41,10,Women,13.9,14.5,14.8,12.9,12.5,6.7,6.7,Qualification,2019,2019-Canada Cup 2,Qualification 1,0.0,BUTTERWORTH Cassidy - CAN
YANAGIMOTO Rino - JPN - Canadian Selections 1 - 2019 - Qualification 1,70.15,4,Women,15.2,15.6,15.1,16.8,16.5,6.5,7.0,Qualification,2019,2019-Canadian Selections 1,Qualification 1,0.0,YANAGIMOTO Rino - JPN
DELSAME Florence - CAN - Canadian Selections 1 - 2019 - Qualification 1,75.72,2,Women,17.8,18.2,17.4,16.4,17.5,7.4,8.4,Qualification,2019,2019-Canadian Selections 1,Qualification 1,0.0,DELSAME Florence - CAN
STODDART Clare - CAN - Canada Cup 2 - 2019 - Qualification 1,39.87,17,Women,14.2,13.8,13.6,13.9,13.7,6.8,6.9,Qualification,2019,2019-Canada Cup 2,Qualification 1,0.0,STODDART Clare - CAN
CAPICIK Chase - CAN - Canadian Selections 2 - 2019 - Qualification 2,15.36,9,Women,13.9,16.2,12.8,12.3,12.1,4.0,3.9,Qualification,2019,2019-Canadian Selections 2,Qualification 2,0.0,CAPICIK Chase - CAN
SCHWINGHAMER Mackenzie - CAN - Canada Cup 1 - 2019 - Qualification 1,70.82,2,Women,15.6,16.2,15.8,15.6,16.4,6.8,7.6,Qualification,2019,2019-Canada Cup 1,Qualification 1,0.0,SCHWINGHAMER Mackenzie - CAN
HURRY Kiera - CAN - Canada Cup 1 - 2019 - Qualification 2,48.18,15,Women,14.3,14.1,14.8,13.1,12.7,4.9,4.2,Qualification,2019,2019-Canada Cup 1,Qualification 2,0.0,HURRY Kiera - CAN
BOYCHUK Jada - CAN - Canada Cup 2 - 2019 - Qualification 1,27.48,24,Women,13.0,12.6,12.9,13.6,13.8,5.8,5.7,Qualification,2019,2019-Canada Cup 2,Qualification 1,0.0,BOYCHUK Jada - CAN
MACDONALD Ainsley - CAN - Canadian Selections 1 - 2019 - Qualification 1,7.64,18,Women,11.7,9.0,9.7,10.8,13.0,4.2,4.6,Qualification,2019,2019-Canadian Selections 1,Qualification 1,0.0,MACDONALD Ainsley - CAN
BEAULIEU Maëlle - CAN - Canada Cup 2 - 2019 - Qualification 2,46.14,8,Women,13.0,13.4,11.6,12.5,12.6,8.1,8.1,Qualification,2019,2019-Canada Cup 2,Qualification 2,0.0,BEAULIEU Maëlle - CAN
YANAGIMOTO Rino - JPN - Canadian Selections 2 - 2019 - Qualification 1,71.64,3,Women,16.2,16.3,17.5,17.6,18.1,5.0,4.5,Qualification,2019,2019-Canadian Selections 2,Qualification 1,0.0,YANAGIMOTO Rino - JPN
LINTON Jessica - CAN - Canada Cup 2 - 2019 - Qualification 1,37.22,18,Women,15.2,14.3,16.0,14.5,14.5,5.9,6.9,Qualification,2019,2019-Canada Cup 2,Qualification 1,0.0,LINTON Jessica - CAN
HURRY Kiera - CAN - Canada Cup 2 - 2019 - Qualification 2,11.18,19,Women,12.9,11.5,10.9,11.8,12.1,1.8,1.9,Qualification,2019,2019-Canada Cup 2,Qualification 2,0.0,HURRY Kiera - CAN
VAILLANCOURT Sandrine - CAN - Canadian Selections 2 - 2019 - Qualification 2,65.97,1,Women,15.7,11.2,14.0,14.7,13.7,5.8,5.8,Qualification,2019,2019-Canadian Selections 2,Qualification 2,0.0,VAILLANCOURT Sandrine - CAN
TAKAHASHI Shiori - JPN - Canadian Selections 1 - 2019 - Final 1,56.03,11,Women,15.6,14.4,14.7,15.7,15.3,4.3,3.8,Finals,2019,2019-Canadian Selections 1,Final 1,0.0,TAKAHASHI Shiori - JPN
LINTON Jessica - CAN - Canada Cup 1 - 2019 - Qualification 2,52.23,12,Women,15.8,14.8,14.6,14.5,14.6,5.8,5.9,Qualification,2019,2019-Canada Cup 1,Qualification 2,0.0,LINTON Jessica - CAN
GHERT Talya - CAN - Canada Cup 2 - 2019 - Qualification 1,13.59,26,Women,12.8,13.5,11.8,11.4,11.3,5.2,5.0,Qualification,2019,2019-Canada Cup 2,Qualification 1,0.0,GHERT Talya - CAN
SAYERS Jana - CAN - Canada Cup 1 - 2019 - Qualification 2,54.41,10,Women,12.6,12.9,14.0,11.0,12.8,6.1,5.9,Qualification,2019,2019-Canada Cup 1,Qualification 2,0.0,SAYERS Jana - CAN
MALHERBE Malica - CAN - Canada Cup 2 - 2019 - Qualification 2,56.8,4,Women,14.4,14.6,13.7,13.9,13.8,7.6,7.6,Qualification,2019,2019-Canada Cup 2,Qualification 2,0.0,MALHERBE Malica - CAN
WHITFORD Elisabeth - CAN - Canada Cup 1 - 2019 - Final 1,62.03,5,Women,15.1,15.7,15.0,15.2,15.3,7.5,7.2,Finals,2019,2019-Canada Cup 1,Final 1,0.0,WHITFORD Elisabeth - CAN
CAPICIK Chase - CAN - Canadian Selections 1 - 2019 - Qualification 2,52.2,5,Women,13.2,15.3,14.0,14.1,15.0,5.5,6.0,Qualification,2019,2019-Canadian Selections 1,Qualification 2,0.0,CAPICIK Chase - CAN
PERNISIE Hailie - CAN - Canada Cup 2 - 2019 - Qualification 1,27.8,23,Women,13.4,14.0,14.2,13.6,13.4,4.8,4.9,Qualification,2019,2019-Canada Cup 2,Qualification 1,0.0,PERNISIE Hailie - CAN
VAILLANCOURT Sandrine - CAN - Canadian Selections 1 - 2019 - Qualification 2,65.72,1,Women,15.4,14.6,14.1,14.5,15.0,6.2,6.3,Qualification,2019,2019-Canadian Selections 1,Qualification 2,0.0,VAILLANCOURT Sandrine - CAN
BUTTERWORTH Cassidy - CAN - Canada Cup 1 - 2019 - Qualification 1,59.25,8,Women,12.6,14.2,15.3,14.2,15.0,5.8,5.6,Qualification,2019,2019-Canada Cup 1,Qualification 1,0.0,BUTTERWORTH Cassidy - CAN
GODBOUT Rowanne - CAN - Canada Cup 2 - 2019 - Qualification 2,54.78,5,Women,14.0,14.3,14.5,15.1,15.0,5.8,6.0,Qualification,2019,2019-Canada Cup 2,Qualification 2,0.0,GODBOUT Rowanne - CAN
ARMSTRONG Brooke - CAN - Canada Cup 2 - 2019 - Qualification 2,51.29,7,Women,13.9,14.3,14.2,13.8,14.0,7.7,7.6,Qualification,2019,2019-Canada Cup 2,Qualification 2,0.0,ARMSTRONG Brooke - CAN
LAROCHE Florence - CAN - Canada Cup 1 - 2019 - Qualification 2,54.8,9,Women,14.2,13.9,15.2,13.7,13.6,5.1,5.7,Qualification,2019,2019-Canada Cup 1,Qualification 2,0.0,LAROCHE Florence - CAN
OGIHARA Nagi - JPN - Canadian Selections 1 - 2019 - Final 1,74.43,1,Women,18.1,17.3,17.3,16.7,18.2,4.3,5.1,Finals,2019,2019-Canadian Selections 1,Final 1,0.0,OGIHARA Nagi - JPN
MIKKELSEN Maya - CAN - Canadian Selections 2 - 2019 - Qualification 2,59.26,4,Women,15.3,14.2,14.3,15.0,17.1,5.6,5.4,Qualification,2019,2019-Canadian Selections 2,Qualification 2,0.0,MIKKELSEN Maya - CAN
MIKKELSEN Maya - CAN - Canada Cup 1 - 2019 - Qualification 1,67.25,4,Women,16.2,16.4,15.4,16.2,16.0,6.4,7.3,Qualification,2019,2019-Canada Cup 1,Qualification 1,0.0,MIKKELSEN Maya - CAN
URTON Melisa - CAN - Canada Cup 2 - 2019 - Qualification 2,30.17,10,Women,13.4,13.0,12.8,12.4,12.4,2.8,2.6,Qualification,2019,2019-Canada Cup 2,Qualification 2,0.0,URTON Melisa - CAN
LINTON Jessica - CAN - Canadian Selections 2 - 2019 - Qualification 1,51.16,14,Women,13.8,16.0,14.9,13.8,15.0,3.7,3.8,Qualification,2019,2019-Canadian Selections 2,Qualification 1,0.0,LINTON Jessica - CAN
BUTTERWORTH Cassidy - CAN - Canadian Selections 2 - 2019 - Qualification 2,49.64,5,Women,12.8,14.0,13.7,14.6,14.2,5.4,5.7,Qualification,2019,2019-Canadian Selections 2,Qualification 2,0.0,BUTTERWORTH Cassidy - CAN
TODD Kassidy - CAN - Canada Cup 1 - 2019 - Final 1,56.3,8,Women,15.6,15.0,15.1,14.8,15.2,6.0,5.8,Finals,2019,2019-Canada Cup 1,Final 1,0.0,TODD Kassidy - CAN
LINTON Jessica - CAN - Canadian Selections 1 - 2019 - Qualification 1,21.95,17,Women,12.4,12.5,10.9,13.0,10.8,3.0,2.8,Qualification,2019,2019-Canadian Selections 1,Qualification 1,0.0,LINTON Jessica - CAN
TODD Kassidy - CAN - Canadian Selections 2 - 2019 - Qualification 2,25.51,8,Women,15.8,14.2,14.0,13.0,15.1,5.0,4.5,Qualification,2019,2019-Canadian Selections 2,Qualification 2,0.0,TODD Kassidy - CAN
SAYERS Jana - CAN - Canada Cup 1 - 2019 - Qualification 1,42.36,21,Women,14.0,11.6,12.0,11.2,12.8,2.2,2.4,Qualification,2019,2019-Canada Cup 1,Qualification 1,0.0,SAYERS Jana - CAN
SCHWINGHAMER Mackenzie - CAN - Canadian Selections 1 - 2019 - Qualification 2,60.74,3,Women,14.1,14.2,15.6,15.1,12.5,6.2,7.0,Qualification,2019,2019-Canadian Selections 1,Qualification 2,0.0,SCHWINGHAMER Mackenzie - CAN
LABELLE Cassandre - CAN - Canadian Selections 2 - 2019 - Qualification 2,49.1,6,Women,12.3,10.5,13.8,14.7,12.2,4.5,4.4,Qualification,2019,2019-Canadian Selections 2,Qualification 2,0.0,LABELLE Cassandre - CAN
LAROCHE Florence - CAN - Canada Cup 1 - 2019 - Qualification 1,7.61,22,Women,11.5,12.8,11.3,12.1,13.0,2.1,1.9,Qualification,2019,2019-Canada Cup 1,Qualification 1,0.0,LAROCHE Florence - CAN
DAMBERGS Ella - CAN - Canada Cup 2 - 2019 - Qualification 2,16.44,17,Women,11.5,12.0,12.2,8.8,11.0,4.2,4.3,Qualification,2019,2019-Canada Cup 2,Qualification 2,0.0,DAMBERGS Ella - CAN
GHERT Talya - CAN - Canada Cup 1 - 2019 - Qualification 2,46.82,16,Women,12.0,13.1,13.6,13.4,13.2,4.4,4.9,Qualification,2019,2019-Canada Cup 1,Qualification 2,0.0,GHERT Talya - CAN
GODBOUT Rowanne - CAN - Canada Cup 1 - 2019 - Qualification 2,59.64,3,Women,15.4,13.8,13.7,14.6,15.5,5.9,6.2,Qualification,2019,2019-Canada Cup 1,Qualification 2,0.0,GODBOUT Rowanne - CAN
LE BRASSARD Noemie - CAN - Canada Cup 1 - 2019 - Qualification 1,47.94,18,Women,13.2,12.2,12.1,14.4,12.4,4.6,5.6,Qualification,2019,2019-Canada Cup 1,Qualification 1,0.0,LE BRASSARD Noemie - CAN
KOEHLER Kaylee - CAN - Canadian Selections 2 - 2019 - Qualification 1,61.33,8,Women,15.7,15.0,14.7,15.7,13.1,4.7,5.0,Qualification,2019,2019-Canadian Selections 2,Qualification 1,0.0,KOEHLER Kaylee - CAN
SCHWINGHAMMER Maia - CAN - Canadian Selections 1 - 2019 - Final 1,73.65,2,Women,17.6,17.2,16.6,16.6,16.0,6.8,7.0,Finals,2019,2019-Canadian Selections 1,Final 1,0.0,SCHWINGHAMMER Maia - CAN
LINTON Jessica - CAN - Canadian Selections 2 - 2019 - Qualification 2,44.38,7,Women,14.0,12.5,13.6,13.3,11.9,3.7,3.8,Qualification,2019,2019-Canadian Selections 2,Qualification 2,0.0,LINTON Jessica - CAN
ALLARD Nalya - CAN - Canada Cup 1 - 2019 - Qualification 2,55.28,7,Women,14.8,14.2,14.2,14.6,13.6,4.6,4.3,Qualification,2019,2019-Canada Cup 1,Qualification 2,0.0,ALLARD Nalya - CAN
DELSAME Florence - CAN - Canadian Selections 1 - 2019 - Final 1,66.06,4,Women,17.4,15.6,16.0,17.0,16.8,5.3,5.8,Finals,2019,2019-Canadian Selections 1,Final 1,0.0,DELSAME Florence - CAN
DELSAME Florence - CAN - Canadian Selections 2 - 2019 - Qualification 1,70.41,5,Women,16.9,16.4,17.0,16.4,17.3,5.8,5.1,Qualification,2019,2019-Canadian Selections 2,Qualification 1,0.0,DELSAME Florence - CAN
MIKKELSEN Maya - CAN - Canadian Selections 1 - 2019 - Qualification 1,50.95,12,Women,13.9,13.9,12.9,14.6,14.1,5.5,5.8,Qualification,2019,2019-Canadian Selections 1,Qualification 1,0.0,MIKKELSEN Maya - CAN
STODDART Clare - CAN - Canada Cup 1 - 2019 - Qualification 2,45.81,17,Women,12.3,12.0,12.9,12.3,12.6,5.7,5.2,Qualification,2019,2019-Canada Cup 1,Qualification 2,0.0,STODDART Clare - CAN
MIYAMOTO Juri - JPN - Canadian Selections 2 - 2019 - Qualification 2,11.66,10,Women,15.9,13.5,14.1,11.9,12.2,4.9,5.2,Qualification,2019,2019-Canadian Selections 2,Qualification 2,0.0,MIYAMOTO Juri - JPN
GIBSON Olivia - CAN - Canada Cup 1 - 2019 - Qualification 2,59.91,2,Women,15.6,14.0,14.9,15.0,15.2,5.0,5.2,Qualification,2019,2019-Canada Cup 1,Qualification 2,0.0,GIBSON Olivia - CAN
ELEKES Megan - CAN - Canada Cup 2 - 2019 - Qualification 2,18.55,14,Women,12.6,12.2,11.8,10.3,11.0,4.1,4.1,Qualification,2019,2019-Canada Cup 2,Qualification 2,0.0,ELEKES Megan - CAN
TURGEON Laurane - CAN - Canada Cup 1 - 2019 - Qualification 1,55.8,10,Women,12.8,12.2,14.3,12.6,13.6,5.9,6.2,Qualification,2019,2019-Canada Cup 1,Qualification 1,0.0,TURGEON Laurane - CAN
MALHERBE Malica - CAN - Canada Cup 2 - 2019 - Qualification 1,52.72,9,Women,15.0,14.0,13.9,13.9,13.2,4.0,3.9,Qualification,2019,2019-Canada Cup 2,Qualification 1,0.0,MALHERBE Malica - CAN
CLEGG Sina - CAN - Canada Cup 2 - 2019 - Qualification 1,54.4,8,Women,14.8,14.4,15.8,14.3,14.6,7.1,7.0,Qualification,2019,2019-Canada Cup 2,Qualification 1,0.0,CLEGG Sina - CAN
GHERT Talya - CAN - Canada Cup 1 - 2019 - Qualification 1,48.92,17,Women,13.0,13.4,14.8,13.9,12.8,5.0,4.3,Qualification,2019,2019-Canada Cup 1,Qualification 1,0.0,GHERT Talya - CAN
HAZIZA Raine - CAN - Canada Cup 2 - 2019 - Qualification 2,17.43,15,Women,14.2,12.6,13.7,14.2,13.0,6.9,6.8,Qualification,2019,2019-Canada Cup 2,Qualification 2,0.0,HAZIZA Raine - CAN
ENGLISH Karisa - CAN - Canada Cup 1 - 2019 - Qualification 2,56.49,6,Women,13.8,14.4,14.9,13.5,14.2,5.9,6.0,Qualification,2019,2019-Canada Cup 1,Qualification 2,0.0,ENGLISH Karisa - CAN
HURRY Kiera - CAN - Canada Cup 2 - 2019 - Qualification 1,12.3,28,Women,13.0,14.1,12.3,12.0,12.5,7.3,7.2,Qualification,2019,2019-Canada Cup 2,Qualification 1,0.0,HURRY Kiera - CAN
MIKKELSEN Maya - CAN - Canada Cup 1 - 2019 - Final 1,72.51,2,Women,15.6,15.9,15.8,15.4,15.8,7.7,7.8,Finals,2019,2019-Canada Cup 1,Final 1,0.0,MIKKELSEN Maya - CAN
BUTTERWORTH Cassidy - CAN - Canada Cup 2 - 2019 - Qualification 2,7.32,21,Women,12.5,11.0,10.6,13.8,12.3,7.1,7.1,Qualification,2019,2019-Canada Cup 2,Qualification 2,0.0,BUTTERWORTH Cassidy - CAN
LABELLE Cassandre - CAN - Canadian Selections 2 - 2019 - Qualification 1,2.06,17,Women,12.0,12.8,12.7,11.4,11.0,2.5,2.2,Qualification,2019,2019-Canadian Selections 2,Qualification 1,0.0,LABELLE Cassandre - CAN
WALKER Leda - CAN - Canada Cup 2 - 2019 - Final 1,59.47,4,Women,14.9,14.9,13.0,15.1,13.5,6.6,6.8,Finals,2019,2019-Canada Cup 2,Final 1,0.0,WALKER Leda - CAN
KOEHLER Kaylee - CAN - Canada Cup 1 - 2019 - Final 1,71.99,3,Women,16.4,16.0,16.2,15.5,16.0,7.0,7.2,Finals,2019,2019-Canada Cup 1,Final 1,0.0,KOEHLER Kaylee - CAN
GIBSON Olivia - CAN - Canada Cup 2 - 2019 - Final 1,42.33,8,Women,14.4,14.2,14.3,11.9,13.0,5.2,5.7,Finals,2019,2019-Canada Cup 2,Final 1,0.0,GIBSON Olivia - CAN
BUTTERWORTH Cassidy - CAN - Canadian Selections 1 - 2019 - Qualification 2,46.26,8,Women,11.1,13.2,13.0,13.8,14.5,5.7,6.8,Qualification,2019,2019-Canadian Selections 1,Qualification 2,0.0,BUTTERWORTH Cassidy - CAN
SAYERS Jana - CAN - Canada Cup 2 - 2019 - Qualification 2,6.18,22,Women,11.9,12.0,14.0,12.2,12.3,7.8,7.9,Qualification,2019,2019-Canada Cup 2,Qualification 2,0.0,SAYERS Jana - CAN
STODDART Clare - CAN - Canada Cup 2 - 2019 - Qualification 2,26.1,12,Women,13.4,13.9,13.3,12.6,13.1,6.8,6.7,Qualification,2019,2019-Canada Cup 2,Qualification 2,0.0,STODDART Clare - CAN
GIBSON Olivia - CAN - Canada Cup 1 - 2019 - Final 1,46.1,9,Women,15.6,15.2,15.4,14.5,14.6,5.0,5.2,Finals,2019,2019-Canada Cup 1,Final 1,0.0,GIBSON Olivia - CAN
HAZIZA Raine - CAN - Canada Cup 2 - 2019 - Qualification 1,45.86,13,Women,14.0,14.3,13.3,13.7,13.8,6.7,6.9,Qualification,2019,2019-Canada Cup 2,Qualification 1,0.0,HAZIZA Raine - CAN
JEHN Kate - CAN - Canada Cup 2 - 2019 - Qualification 2,28.38,11,Women,11.0,10.5,11.2,10.4,11.0,1.7,2.0,Qualification,2019,2019-Canada Cup 2,Qualification 2,0.0,JEHN Kate - CAN
LEE Tarra - CAN - Canada Cup 2 - 2019 - Qualification 2,23.16,13,Women,11.2,12.5,11.6,13.1,12.7,5.7,5.8,Qualification,2019,2019-Canada Cup 2,Qualification 2,0.0,LEE Tarra - CAN
TAKAHASHI Shiori - JPN - Canadian Selections 1 - 2019 - Qualification 1,55.11,10,Women,13.6,15.5,14.1,14.0,12.8,6.2,5.4,Qualification,2019,2019-Canadian Selections 1,Qualification 1,0.0,TAKAHASHI Shiori - JPN
GODBOUT Rowanne - CAN - Canada Cup 1 - 2019 - Final 1,57.97,7,Women,14.0,14.8,14.5,15.2,15.1,6.0,6.1,Finals,2019,2019-Canada Cup 1,Final 1,0.0,GODBOUT Rowanne - CAN
BOULIANNE Annarose - CAN - Canada Cup 1 - 2019 - Qualification 1,54.59,12,Women,12.5,14.3,13.9,13.3,13.8,4.3,4.0,Qualification,2019,2019-Canada Cup 1,Qualification 1,0.0,BOULIANNE Annarose - CAN
ELEKES Megan - CAN - Canada Cup 2 - 2019 - Qualification 1,34.48,21,Women,12.4,12.8,12.3,11.3,11.1,4.8,4.9,Qualification,2019,2019-Canada Cup 2,Qualification 1,0.0,ELEKES Megan - CAN
CAPICIK Chase - CAN - Canada Cup 2 - 2019 - Qualification 1,66.55,2,Women,15.5,15.6,16.8,16.0,15.9,7.0,7.0,Qualification,2019,2019-Canada Cup 2,Qualification 1,0.0,CAPICIK Chase - CAN
TODD Kassidy - CAN - Canada Cup 2 - 2019 - Qualification 2,65.28,1,Women,16.8,16.3,16.4,14.3,14.3,6.2,6.3,Qualification,2019,2019-Canada Cup 2,Qualification 2,0.0,TODD Kassidy - CAN
KOEHLER Kaylee - CAN - Canada Cup 2 - 2019 - Final 1,70.48,1,Women,16.3,15.8,17.3,16.2,16.0,7.1,7.2,Finals,2019,2019-Canada Cup 2,Final 1,0.0,KOEHLER Kaylee - CAN
ENGLISH Karisa - CAN - Canada Cup 2 - 2019 - Qualification 1,64.66,3,Women,16.2,16.5,14.8,16.4,16.5,8.1,8.0,Qualification,2019,2019-Canada Cup 2,Qualification 1,0.0,ENGLISH Karisa - CAN
GODBOUT Rowanne - CAN - Canada Cup 2 - 2019 - Qualification 1,55.38,7,Women,13.7,13.9,14.6,15.0,15.1,6.9,7.1,Qualification,2019,2019-Canada Cup 2,Qualification 1,0.0,GODBOUT Rowanne - CAN
PERNITSKY Lillian - CAN - Canada Cup 2 - 2019 - Final 1,57.18,6,Women,14.5,14.3,14.9,14.1,15.6,6.4,6.3,Finals,2019,2019-Canada Cup 2,Final 1,0.0,PERNITSKY Lillian - CAN
LINTON Jessica - CAN - Canada Cup 1 - 2019 - Qualification 1,58.16,9,Women,15.2,14.2,14.4,14.9,14.8,5.4,5.4,Qualification,2019,2019-Canada Cup 1,Qualification 1,0.0,LINTON Jessica - CAN
LEE Tarra - CAN - Canada Cup 2 - 2019 - Qualification 1,19.87,25,Women,12.9,13.8,14.6,12.3,13.0,1.5,1.4,Qualification,2019,2019-Canada Cup 2,Qualification 1,0.0,LEE Tarra - CAN
LABELLE Cassandre - CAN - Canada Cup 1 - 2019 - Qualification 1,53.69,14,Women,12.4,13.0,13.9,12.4,13.4,6.0,5.5,Qualification,2019,2019-Canada Cup 1,Qualification 1,0.0,LABELLE Cassandre - CAN
DESMARAIS GILBERT Laurianne - CAN - Canadian Selections 1 - 2019 - Final 1,60.82,9,Women,17.3,15.6,16.0,16.3,16.7,6.0,6.0,Finals,2019,2019-Canadian Selections 1,Final 1,0.0,DESMARAIS GILBERT Laurianne - CAN
LABELLE Cassandre - CAN - Canadian Selections 1 - 2019 - Qualification 1,49.67,13,Women,11.7,13.4,13.8,14.1,12.8,2.3,2.0,Qualification,2019,2019-Canadian Selections 1,Qualification 1,0.0,LABELLE Cassandre - CAN
ARMSTRONG Brooke - CAN - Canada Cup 2 - 2019 - Qualification 1,43.73,14,Women,14.2,13.6,13.2,13.6,13.8,5.2,5.1,Qualification,2019,2019-Canada Cup 2,Qualification 1,0.0,ARMSTRONG Brooke - CAN
CAPICIK Chase - CAN - Canadian Selections 2 - 2019 - Qualification 1,50.65,15,Women,12.3,15.2,13.6,13.9,15.4,5.4,4.6,Qualification,2019,2019-Canadian Selections 2,Qualification 1,0.0,CAPICIK Chase - CAN
BERGEVIN Mikela - CAN - Canadian Selections 1 - 2019 - Qualification 1,67.49,7,Women,18.0,17.2,15.9,16.7,14.8,5.3,5.4,Qualification,2019,2019-Canadian Selections 1,Qualification 1,0.0,BERGEVIN Mikela - CAN
CHICK Alexa - CAN - Canada Cup 3 - 2018 - Qualification 2,62.39,9,Women,16.0,15.9,16.3,16.3,16.0,6.2,6.0,Qualification,2018,2018-Canada Cup 3,Qualification 2,0.0,CHICK Alexa - CAN
KOEHLER Ashley - CAN - Canada Cup 1 - 2018 - Qualification 1,67.32,6,Women,15.3,15.0,14.8,15.3,16.1,8.7,8.5,Qualification,2018,2018-Canada Cup 1,Qualification 1,0.0,KOEHLER Ashley - CAN
ROBICHAUD Audrey - CAN - Canadian Championships - 2018 - Qualification 1,75.52,1,Women,16.4,16.5,16.5,16.5,16.5,8.6,8.0,Qualification,2018,2018-Canadian Championships,Qualification 1,0.0,ROBICHAUD Audrey - CAN
DESMARAIS GILBERT Laurianne - CAN - Canadian Championships - 2018 - Qualification 1,71.86,6,Women,16.0,15.8,16.1,15.8,15.7,8.3,7.5,Qualification,2018,2018-Canadian Championships,Qualification 1,0.0,DESMARAIS GILBERT Laurianne - CAN
MALHERBE Malica - CAN - Canada Cup 3 - 2018 - Qualification 1,33.76,24,Women,10.2,10.4,11.0,10.7,11.0,6.7,6.8,Qualification,2018,2018-Canada Cup 3,Qualification 1,0.0,MALHERBE Malica - CAN
MARKLE Searik - CAN - Canada Cup 3 - 2018 - Qualification 2,77.64,1,Women,17.3,18.1,18.0,17.9,17.5,7.3,6.8,Qualification,2018,2018-Canada Cup 3,Qualification 2,0.0,MARKLE Searik - CAN
VAILLANCOURT Sandrine - CAN - Canada Cup 1 - 2018 - Qualification 2,73.79,1,Women,17.4,16.7,17.0,17.0,16.8,8.1,7.7,Qualification,2018,2018-Canada Cup 1,Qualification 2,0.0,VAILLANCOURT Sandrine - CAN
LINTON Jessica - CAN - Canada Cup 3 - 2018 - Qualification 2,61.19,10,Women,15.3,14.1,16.4,15.5,17.0,5.4,5.3,Qualification,2018,2018-Canada Cup 3,Qualification 2,0.0,LINTON Jessica - CAN
MALHERBE Malica - CAN - Canada Cup 3 - 2018 - Qualification 2,30.88,23,Women,10.7,10.6,11.4,10.6,10.8,7.2,6.4,Qualification,2018,2018-Canada Cup 3,Qualification 2,0.0,MALHERBE Malica - CAN
MACDONALD Ainsley - CAN - Canadian Selections 2 - 2018 - Qualification 2,33.2,29,Women,10.1,10.2,10.0,10.0,9.8,5.6,5.7,Qualification,2018,2018-Canadian Selections 2,Qualification 2,0.0,MACDONALD Ainsley - CAN
LABELLE Cassandre - CAN - Canada Cup 1 - 2018 - Qualification 1,65.99,7,Women,14.8,15.6,15.2,15.4,15.0,8.2,8.0,Qualification,2018,2018-Canada Cup 1,Qualification 1,0.0,LABELLE Cassandre - CAN
LABELLE Cassandre - CAN - Canada Cup 2 - 2018 - Qualification 1,55.27,13,Women,15.6,16.5,15.0,17.0,16.8,7.1,7.2,Qualification,2018,2018-Canada Cup 2,Qualification 1,0.0,LABELLE Cassandre - CAN
DESAUTELS Mia - CAN - Canadian Championships - 2018 - Qualification 1,60.76,16,Women,14.2,15.6,14.6,15.6,14.9,5.9,6.9,Qualification,2018,2018-Canadian Championships,Qualification 1,0.0,DESAUTELS Mia - CAN
DESMARAIS GILBERT Laurianne - CAN - Canada Cup 2 - 2018 - Qualification 1,71.96,3,Women,16.2,17.1,16.0,17.0,17.0,6.3,6.4,Qualification,2018,2018-Canada Cup 2,Qualification 1,0.0,DESMARAIS GILBERT Laurianne - CAN
SCHWINGHAMER Mackenzie - CAN - Canada Cup 1 - 2018 - Qualification 1,51.11,14,Women,15.0,15.0,15.0,16.6,15.4,7.4,7.3,Qualification,2018,2018-Canada Cup 1,Qualification 1,0.0,SCHWINGHAMER Mackenzie - CAN
NAKAO Haruka - JPN - Canadian Selections 1 - 2018 - Qualification 2,52.83,15,Women,13.1,13.5,13.4,13.2,13.0,6.0,5.9,Qualification,2018,2018-Canadian Selections 1,Qualification 2,0.0,NAKAO Haruka - JPN
DESMARAIS GILBERT Laurianne - CAN - Canadian Selections 1 - 2018 - Qualification 1,56.11,11,Women,13.5,13.5,12.8,14.0,12.5,6.4,6.7,Qualification,2018,2018-Canadian Selections 1,Qualification 1,0.0,DESMARAIS GILBERT Laurianne - CAN
TODD Kassidy - CAN - Canada Cup 3 - 2018 - Qualification 1,64.94,7,Women,14.0,15.3,17.1,14.3,16.0,6.1,6.2,Qualification,2018,2018-Canada Cup 3,Qualification 1,0.0,TODD Kassidy - CAN
RYKUITER Jamie - CAN - Canadian Selections 2 - 2018 - Qualification 1,44.13,27,Women,12.2,12.8,12.5,11.8,13.0,6.0,6.6,Qualification,2018,2018-Canadian Selections 2,Qualification 1,0.0,RYKUITER Jamie - CAN
FUKUSHIMA Shunka - JPN - Canadian Selections 2 - 2018 - Qualification 1,60.27,12,Women,14.1,13.9,13.7,16.0,14.0,7.4,7.8,Qualification,2018,2018-Canadian Selections 2,Qualification 1,0.0,FUKUSHIMA Shunka - JPN
LABELLE Cassandre - CAN - Canadian Selections 1 - 2018 - Qualification 2,44.76,21,Women,12.2,11.4,11.3,12.2,10.8,5.7,4.7,Qualification,2018,2018-Canadian Selections 1,Qualification 2,0.0,LABELLE Cassandre - CAN
MIKKELSEN Maya - CAN - Canadian Selections 1 - 2018 - Qualification 1,54.19,15,Women,13.6,15.0,14.5,14.2,13.0,5.8,5.7,Qualification,2018,2018-Canadian Selections 1,Qualification 1,0.0,MIKKELSEN Maya - CAN
MILLETTE Ode - CAN - Canada Cup 1 - 2018 - Qualification 1,39.93,16,Women,15.2,15.6,1.5,15.1,15.8,5.3,6.0,Qualification,2018,2018-Canada Cup 1,Qualification 1,0.0,MILLETTE Ode - CAN
BUTTERWORTH Cassidy - CAN - Canadian Selections 2 - 2018 - Qualification 1,32.06,30,Women,10.1,10.6,10.4,13.4,11.0,5.9,6.1,Qualification,2018,2018-Canadian Selections 2,Qualification 1,0.0,BUTTERWORTH Cassidy - CAN
MACDONALD Ainsley - CAN - Canadian Selections 2 - 2018 - Qualification 1,40.08,28,Women,11.7,12.1,12.3,10.4,10.4,7.4,5.7,Qualification,2018,2018-Canadian Selections 2,Qualification 1,0.0,MACDONALD Ainsley - CAN
VIAU Emmanuelle - CAN - Canada Cup 2 - 2018 - Qualification 1,50.5,17,Women,13.8,13.2,12.0,12.9,13.4,5.8,6.1,Qualification,2018,2018-Canada Cup 2,Qualification 1,0.0,VIAU Emmanuelle - CAN
MACDONALD Jordan - CAN - Canada Cup 3 - 2018 - Qualification 1,40.37,19,Women,11.1,11.4,11.7,10.9,14.1,5.2,4.0,Qualification,2018,2018-Canada Cup 3,Qualification 1,0.0,MACDONALD Jordan - CAN
IHARA Haruka - JPN - Canadian Selections 1 - 2018 - Qualification 2,66.8,1,Women,15.5,15.4,15.2,14.5,14.8,6.9,7.2,Qualification,2018,2018-Canadian Selections 1,Qualification 2,0.0,IHARA Haruka - JPN
FORGET Emilie - CAN - Canada Cup 2 - 2018 - Final 1,69.98,5,Women,15.8,15.8,16.3,16.9,16.5,6.8,6.6,Finals,2018,2018-Canada Cup 2,Final 1,0.0,FORGET Emilie - CAN
ROBICHAUD Audrey - CAN - Canadian Championships - 2018 - Final 1,80.32,1,Women,16.6,16.6,16.9,17.3,17.3,9.2,9.0,Finals,2018,2018-Canadian Championships,Final 1,0.0,ROBICHAUD Audrey - CAN
PARKER Madison - CAN - Canadian Selections 1 - 2018 - Qualification 1,48.99,18,Women,10.1,11.7,11.9,12.2,12.0,5.1,6.6,Qualification,2018,2018-Canadian Selections 1,Qualification 1,0.0,PARKER Madison - CAN
SCHWINGHAMER Mackenzie - CAN - Canadian Selections 2 - 2018 - Qualification 2,70.45,5,Women,16.4,16.2,16.0,15.4,16.2,7.0,7.9,Qualification,2018,2018-Canadian Selections 2,Qualification 2,0.0,SCHWINGHAMER Mackenzie - CAN
SCHWINGHAMER Mackenzie - CAN - Canada Cup 1 - 2018 - Qualification 2,68.92,6,Women,16.6,15.9,15.0,17.0,16.2,8.0,7.3,Qualification,2018,2018-Canada Cup 1,Qualification 2,0.0,SCHWINGHAMER Mackenzie - CAN
DESMARAIS GILBERT Laurianne - CAN - Canadian Selections 2 - 2018 - Qualification 1,58.22,14,Women,12.8,15.2,15.1,16.0,15.0,6.4,7.7,Qualification,2018,2018-Canadian Selections 2,Qualification 1,0.0,DESMARAIS GILBERT Laurianne - CAN
NAKAO Haruka - JPN - Canadian Selections 2 - 2018 - Qualification 2,49.28,22,Women,12.6,13.8,13.9,13.8,13.0,7.0,5.9,Qualification,2018,2018-Canadian Selections 2,Qualification 2,0.0,NAKAO Haruka - JPN
DESAUTELS Mia - CAN - Canadian Selections 2 - 2018 - Qualification 2,49.02,23,Women,12.3,12.5,13.9,13.8,14.0,7.1,6.0,Qualification,2018,2018-Canadian Selections 2,Qualification 2,0.0,DESAUTELS Mia - CAN
KOEHLER Ashley - CAN - Canada Cup 2 - 2018 - Final 1,66.78,8,Women,17.6,18.1,17.8,17.2,18.0,7.9,7.5,Finals,2018,2018-Canada Cup 2,Final 1,0.0,KOEHLER Ashley - CAN
BERGEVIN Mikela - CAN - Canadian Selections 2 - 2018 - Qualification 2,61.01,12,Women,15.6,14.4,14.0,14.1,13.6,7.2,7.3,Qualification,2018,2018-Canadian Selections 2,Qualification 2,0.0,BERGEVIN Mikela - CAN
BERGEVIN Mikela - CAN - Canadian Selections 1 - 2018 - Qualification 2,62.11,5,Women,14.0,14.1,14.3,14.2,14.1,7.0,7.1,Qualification,2018,2018-Canadian Selections 1,Qualification 2,0.0,BERGEVIN Mikela - CAN
SCHWINGHAMER Mackenzie - CAN - Canada Cup 2 - 2018 - Final 1,81.09,1,Women,18.6,18.5,18.2,18.6,17.6,7.8,7.9,Finals,2018,2018-Canada Cup 2,Final 1,0.0,SCHWINGHAMER Mackenzie - CAN
NAKAO Haruka - JPN - Canadian Selections 1 - 2018 - Qualification 1,46.97,20,Women,12.1,14.2,14.1,14.0,11.8,5.4,4.3,Qualification,2018,2018-Canadian Selections 1,Qualification 1,0.0,NAKAO Haruka - JPN
FINLAYSON Shaina - CAN - Canada Cup 3 - 2018 - Qualification 2,16.86,26,Women,13.2,14.0,15.0,14.0,13.7,4.1,3.8,Qualification,2018,2018-Canada Cup 3,Qualification 2,0.0,FINLAYSON Shaina - CAN
VAILLANCOURT Sandrine - CAN - Canada Cup 1 - 2018 - Qualification 1,72.57,2,Women,16.5,16.4,17.0,16.4,16.4,8.4,7.8,Qualification,2018,2018-Canada Cup 1,Qualification 1,0.0,VAILLANCOURT Sandrine - CAN
TANIGUCHI Ayaho - JPN - Canadian Selections 1 - 2018 - Qualification 2,35.52,24,Women,12.2,13.9,14.3,15.8,13.0,7.9,7.7,Qualification,2018,2018-Canadian Selections 1,Qualification 2,0.0,TANIGUCHI Ayaho - JPN
DESMARAIS GILBERT Laurianne - CAN - Canadian Championships - 2018 - Final 1,71.42,7,Women,16.1,15.7,15.6,16.0,15.9,8.5,7.7,Finals,2018,2018-Canadian Championships,Final 1,0.0,DESMARAIS GILBERT Laurianne - CAN
GODBOUT Rowanne - CAN - Canada Cup 2 - 2018 - Qualification 1,60.75,10,Women,15.5,15.1,15.0,15.9,15.5,6.4,5.9,Qualification,2018,2018-Canada Cup 2,Qualification 1,0.0,GODBOUT Rowanne - CAN
GODBOUT Rowanne - CAN - Canada Cup 1 - 2018 - Qualification 2,60.44,10,Women,15.2,15.5,15.0,15.3,15.0,6.1,6.0,Qualification,2018,2018-Canada Cup 1,Qualification 2,0.0,GODBOUT Rowanne - CAN
DESAUTELS Mia - CAN - Canada Cup 1 - 2018 - Qualification 2,65.91,8,Women,14.8,15.6,15.3,15.5,15.8,7.9,8.1,Qualification,2018,2018-Canada Cup 1,Qualification 2,0.0,DESAUTELS Mia - CAN
PARKER Madison - CAN - Canada Cup 3 - 2018 - Qualification 1,58.76,10,Women,15.0,15.4,16.0,16.0,14.6,5.8,5.5,Qualification,2018,2018-Canada Cup 3,Qualification 1,0.0,PARKER Madison - CAN
HURRY Kiera - CAN - Canada Cup 3 - 2018 - Qualification 1,39.22,21,Women,11.4,13.0,12.0,12.3,13.8,5.0,4.4,Qualification,2018,2018-Canada Cup 3,Qualification 1,0.0,HURRY Kiera - CAN
VAILLANCOURT Sandrine - CAN - Canada Cup 3 - 2018 - Qualification 2,67.65,5,Women,16.4,16.5,16.0,16.7,16.2,6.1,6.4,Qualification,2018,2018-Canada Cup 3,Qualification 2,0.0,VAILLANCOURT Sandrine - CAN
DESAUTELS Mia - CAN - Canada Cup 1 - 2018 - Qualification 1,67.65,5,Women,15.8,16.3,16.0,16.6,16.1,8.4,8.2,Qualification,2018,2018-Canada Cup 1,Qualification 1,0.0,DESAUTELS Mia - CAN
SCHWINGHAMER Mackenzie - CAN - Canadian Selections 2 - 2018 - Qualification 1,70.1,5,Women,16.6,16.5,16.4,15.3,15.8,8.1,8.0,Qualification,2018,2018-Canadian Selections 2,Qualification 1,0.0,SCHWINGHAMER Mackenzie - CAN
PARKER Madison - CAN - Canadian Selections 1 - 2018 - Qualification 2,8.61,28,Women,10.0,10.0,10.0,10.8,10.0,6.8,6.7,Qualification,2018,2018-Canadian Selections 1,Qualification 2,0.0,PARKER Madison - CAN
GILBERT Valerie - CAN - Canadian Selections 1 - 2018 - Qualification 2,63.2,3,Women,14.4,14.5,15.7,14.8,15.0,7.3,7.7,Qualification,2018,2018-Canadian Selections 1,Qualification 2,0.0,GILBERT Valerie - CAN
DELSAME Florence - CAN - Canadian Championships - 2018 - Qualification 1,59.42,18,Women,15.2,15.3,14.7,14.9,15.3,2.0,2.2,Qualification,2018,2018-Canadian Championships,Qualification 1,0.0,DELSAME Florence - CAN
CHICK Alexa - CAN - Canada Cup 3 - 2018 - Final 1,59.42,9,Women,14.9,14.5,15.4,14.1,15.2,6.6,6.3,Finals,2018,2018-Canada Cup 3,Final 1,0.0,CHICK Alexa - CAN
FINLAYSON Shaina - CAN - Canadian Selections 2 - 2018 - Qualification 2,37.24,27,Women,11.9,12.4,12.9,11.6,10.0,5.6,6.2,Qualification,2018,2018-Canadian Selections 2,Qualification 2,0.0,FINLAYSON Shaina - CAN
MARKLE Searik - CAN - Canada Cup 3 - 2018 - Final 1,74.92,1,Women,18.0,17.4,16.6,17.0,16.9,7.7,7.6,Finals,2018,2018-Canada Cup 3,Final 1,0.0,MARKLE Searik - CAN
MIKKELSEN Maya - CAN - Canada Cup 3 - 2018 - Qualification 1,56.45,13,Women,16.1,15.1,16.0,14.7,15.0,5.3,4.4,Qualification,2018,2018-Canada Cup 3,Qualification 1,0.0,MIKKELSEN Maya - CAN
NEISH Jory - CAN - Canada Cup 1 - 2018 - Qualification 1,14.32,20,Women,11.8,12.0,12.0,12.7,12.2,8.0,7.8,Qualification,2018,2018-Canada Cup 1,Qualification 1,0.0,NEISH Jory - CAN
KOBER Chloe - CAN - Canada Cup 3 - 2018 - Qualification 1,66.37,6,Women,16.1,15.8,15.7,16.0,16.5,6.1,5.6,Qualification,2018,2018-Canada Cup 3,Qualification 1,0.0,KOBER Chloe - CAN
CHICK Alexa - CAN - Canadian Championships - 2018 - Qualification 1,53.62,20,Women,14.9,15.0,13.9,14.7,15.2,4.0,3.9,Qualification,2018,2018-Canadian Championships,Qualification 1,0.0,CHICK Alexa - CAN
DESAUTELS Mia - CAN - Canadian Selections 1 - 2018 - Qualification 1,51.34,17,Women,14.1,12.4,12.0,13.6,13.9,6.2,6.9,Qualification,2018,2018-Canadian Selections 1,Qualification 1,0.0,DESAUTELS Mia - CAN
FINLAYSON Shaina - CAN - Canadian Championships - 2018 - Qualification 1,52.91,21,Women,14.0,15.0,14.3,14.5,14.4,5.5,6.4,Qualification,2018,2018-Canadian Championships,Qualification 1,0.0,FINLAYSON Shaina - CAN
VAILLANCOURT Sandrine - CAN - Canadian Championships - 2018 - Qualification 1,63.55,9,Women,14.0,13.8,15.6,15.5,15.4,5.6,6.0,Qualification,2018,2018-Canadian Championships,Qualification 1,0.0,VAILLANCOURT Sandrine - CAN
DELSAME Florence - CAN - Canada Cup 3 - 2018 - Qualification 2,36.24,20,Women,17.5,17.4,17.3,17.0,17.2,2.0,2.0,Qualification,2018,2018-Canada Cup 3,Qualification 2,0.0,DELSAME Florence - CAN
GAGNON Sofiane - CAN - Canadian Championships - 2018 - Qualification 1,73.64,3,Women,16.1,15.5,16.0,16.5,16.0,7.9,7.2,Qualification,2018,2018-Canadian Championships,Qualification 1,0.0,GAGNON Sofiane - CAN
LABELLE Cassandre - CAN - Canada Cup 1 - 2018 - Qualification 2,51.44,14,Women,12.8,13.0,14.8,14.6,14.0,7.4,7.5,Qualification,2018,2018-Canada Cup 1,Qualification 2,0.0,LABELLE Cassandre - CAN
RYKUITER Jamie - CAN - Canadian Selections 2 - 2018 - Qualification 2,48.22,24,Women,13.1,13.6,13.3,13.8,14.0,6.4,5.0,Qualification,2018,2018-Canadian Selections 2,Qualification 2,0.0,RYKUITER Jamie - CAN
BERGEVIN Mikela - CAN - Canadian Championships - 2018 - Qualification 1,60.99,15,Women,14.0,15.4,14.3,15.0,15.5,5.8,5.6,Qualification,2018,2018-Canadian Championships,Qualification 1,0.0,BERGEVIN Mikela - CAN
FUKUSHIMA Shunka - JPN - Canadian Selections 1 - 2018 - Qualification 2,56.95,12,Women,13.7,14.3,14.4,14.8,13.5,6.2,6.3,Qualification,2018,2018-Canadian Selections 1,Qualification 2,0.0,FUKUSHIMA Shunka - JPN
PARKER Madison - CAN - Canadian Championships - 2018 - Qualification 1,61.4,13,Women,14.6,15.0,14.5,14.5,14.7,6.2,5.5,Qualification,2018,2018-Canadian Championships,Qualification 1,0.0,PARKER Madison - CAN
TODD Kassidy - CAN - Canada Cup 3 - 2018 - Final 1,65.34,4,Women,15.0,15.8,15.5,15.8,16.2,7.3,7.6,Finals,2018,2018-Canada Cup 3,Final 1,0.0,TODD Kassidy - CAN
GHERT Talya - CAN - Canada Cup 3 - 2018 - Qualification 2,41.22,17,Women,11.4,12.0,12.0,11.9,12.8,7.0,7.2,Qualification,2018,2018-Canada Cup 3,Qualification 2,0.0,GHERT Talya - CAN
SCHWINGHAMMER Maia - CAN - Canada Cup 3 - 2018 - Final 1,73.92,3,Women,16.3,16.9,16.1,16.5,16.8,7.7,7.2,Finals,2018,2018-Canada Cup 3,Final 1,0.0,SCHWINGHAMMER Maia - CAN
TODD Kassidy - CAN - Canadian Selections 1 - 2018 - Qualification 2,58.26,11,Women,13.2,14.3,14.0,14.0,13.0,8.0,7.0,Qualification,2018,2018-Canadian Selections 1,Qualification 2,0.0,TODD Kassidy - CAN
PARKER Madison - CAN - Canada Cup 2 - 2018 - Qualification 1,64.37,8,Women,16.5,16.9,15.4,15.4,16.4,4.7,4.1,Qualification,2018,2018-Canada Cup 2,Qualification 1,0.0,PARKER Madison - CAN
VAILLANCOURT Sandrine - CAN - Canada Cup 3 - 2018 - Final 1,64.37,5,Women,15.2,16.1,15.5,16.0,15.4,7.4,7.6,Finals,2018,2018-Canada Cup 3,Final 1,0.0,VAILLANCOURT Sandrine - CAN
SCHWINGHAMER Mackenzie - CAN - Canada Cup 3 - 2018 - Qualification 1,71.39,4,Women,16.7,17.1,17.5,17.4,17.8,7.3,6.8,Qualification,2018,2018-Canada Cup 3,Qualification 1,0.0,SCHWINGHAMER Mackenzie - CAN
KOBER Chloe - CAN - Canadian Selections 2 - 2018 - Qualification 1,52.39,20,Women,12.9,14.5,14.4,13.8,13.9,6.5,6.7,Qualification,2018,2018-Canadian Selections 2,Qualification 1,0.0,KOBER Chloe - CAN
NEISH Jory - CAN - Canada Cup 2 - 2018 - Qualification 1,31.64,20,Women,11.8,10.3,11.0,13.0,11.4,5.9,5.6,Qualification,2018,2018-Canada Cup 2,Qualification 1,0.0,NEISH Jory - CAN
SCHWINGHAMMER Maia - CAN - Canadian Selections 2 - 2018 - Qualification 2,58.17,16,Women,14.1,14.9,14.7,14.5,15.0,7.1,7.3,Qualification,2018,2018-Canadian Selections 2,Qualification 2,0.0,SCHWINGHAMMER Maia - CAN
BERGEVIN Mikela - CAN - Canadian Selections 2 - 2018 - Qualification 1,63.94,6,Women,15.1,15.9,16.0,13.8,14.2,7.1,6.2,Qualification,2018,2018-Canadian Selections 2,Qualification 1,0.0,BERGEVIN Mikela - CAN
MARKLE Searik - CAN - Canadian Selections 2 - 2018 - Qualification 2,67.14,8,Women,16.3,16.1,15.9,14.6,15.9,7.4,6.6,Qualification,2018,2018-Canadian Selections 2,Qualification 2,0.0,MARKLE Searik - CAN
VAILLANCOURT Sandrine - CAN - Canadian Selections 2 - 2018 - Qualification 2,60.09,13,Women,15.1,15.2,15.8,13.8,14.9,6.0,5.6,Qualification,2018,2018-Canadian Selections 2,Qualification 2,0.0,VAILLANCOURT Sandrine - CAN
DUNHAM Ava - CAN - Canadian Selections 1 - 2018 - Qualification 2,7.06,30,Women,8.5,9.9,10.4,10.8,9.8,6.6,6.6,Qualification,2018,2018-Canadian Selections 1,Qualification 2,0.0,DUNHAM Ava - CAN
LOVELL Sasha - CAN - Canada Cup 3 - 2018 - Qualification 2,29.71,24,Women,9.9,9.5,9.1,9.5,9.0,5.8,5.1,Qualification,2018,2018-Canada Cup 3,Qualification 2,0.0,LOVELL Sasha - CAN
GHERT Talya - CAN - Canada Cup 3 - 2018 - Qualification 1,39.34,20,Women,10.8,11.7,11.9,12.7,12.7,6.5,6.6,Qualification,2018,2018-Canada Cup 3,Qualification 1,0.0,GHERT Talya - CAN
LINTON Jessica - CAN - Canada Cup 3 - 2018 - Final 1,61.61,8,Women,14.3,14.7,15.7,14.4,14.5,6.3,6.2,Finals,2018,2018-Canada Cup 3,Final 1,0.0,LINTON Jessica - CAN
RYKUITER Jamie - CAN - Canadian Selections 1 - 2018 - Qualification 1,12.86,26,Women,7.7,10.5,8.4,9.8,10.0,6.0,5.8,Qualification,2018,2018-Canadian Selections 1,Qualification 1,0.0,RYKUITER Jamie - CAN
MARKLE Searik - CAN - Canadian Selections 1 - 2018 - Qualification 1,56.58,10,Women,14.1,13.5,12.8,13.2,13.0,6.6,6.8,Qualification,2018,2018-Canadian Selections 1,Qualification 1,0.0,MARKLE Searik - CAN
BROWN Berkley - CAN - Canadian Championships - 2018 - Qualification 1,68.7,7,Women,16.2,15.9,15.3,15.6,15.1,8.2,7.9,Qualification,2018,2018-Canadian Championships,Qualification 1,0.0,BROWN Berkley - CAN
BOULIANNE Annarose - CAN - Canada Cup 2 - 2018 - Qualification 1,55.04,14,Women,14.0,13.9,12.5,15.1,13.8,6.4,6.5,Qualification,2018,2018-Canada Cup 2,Qualification 1,0.0,BOULIANNE Annarose - CAN
KAJIWARA Yuki - JPN - Canadian Selections 2 - 2018 - Qualification 1,70.28,4,Women,15.7,16.9,16.7,15.2,15.9,7.6,8.2,Qualification,2018,2018-Canadian Selections 2,Qualification 1,0.0,KAJIWARA Yuki - JPN
SCHWINGHAMMER Maia - CAN - Canadian Selections 2 - 2018 - Qualification 1,60.03,13,Women,15.6,16.1,15.2,15.8,15.5,8.1,7.7,Qualification,2018,2018-Canadian Selections 2,Qualification 1,0.0,SCHWINGHAMMER Maia - CAN
CHICK Alexa - CAN - Canada Cup 2 - 2018 - Qualification 1,55.98,11,Women,16.5,16.8,15.6,14.8,14.8,5.6,6.1,Qualification,2018,2018-Canada Cup 2,Qualification 1,0.0,CHICK Alexa - CAN
TANIGUCHI Ayaho - JPN - Canadian Selections 2 - 2018 - Qualification 2,68.77,6,Women,16.3,16.6,16.3,16.8,15.5,8.3,7.9,Qualification,2018,2018-Canadian Selections 2,Qualification 2,0.0,TANIGUCHI Ayaho - JPN
VIAU Emmanuelle - CAN - Canada Cup 1 - 2018 - Qualification 2,43.43,16,Women,12.2,11.6,12.0,11.0,11.4,5.3,6.2,Qualification,2018,2018-Canada Cup 1,Qualification 2,0.0,VIAU Emmanuelle - CAN
MILLETTE Ode - CAN - Canadian Selections 1 - 2018 - Qualification 2,7.62,29,Women,10.1,10.1,9.0,10.5,10.0,3.9,3.2,Qualification,2018,2018-Canadian Selections 1,Qualification 2,0.0,MILLETTE Ode - CAN
BUTTERWORTH Cassidy - CAN - Canadian Selections 1 - 2018 - Qualification 2,30.92,26,Women,10.9,10.0,12.5,10.2,9.0,6.7,7.0,Qualification,2018,2018-Canadian Selections 1,Qualification 2,0.0,BUTTERWORTH Cassidy - CAN
BROWN Berkley - CAN - Canadian Selections 2 - 2018 - Qualification 2,72.11,3,Women,16.9,17.3,16.4,16.8,17.0,8.4,7.8,Qualification,2018,2018-Canadian Selections 2,Qualification 2,0.0,BROWN Berkley - CAN
LOVELL Sasha - CAN - Canada Cup 3 - 2018 - Qualification 1,29.27,27,Women,9.1,9.4,8.9,9.5,9.3,5.0,4.7,Qualification,2018,2018-Canada Cup 3,Qualification 1,0.0,LOVELL Sasha - CAN
GAGNON Sofiane - CAN - Canadian Championships - 2018 - Final 1,72.45,6,Women,16.4,16.2,16.1,16.3,16.3,7.1,7.0,Finals,2018,2018-Canadian Championships,Final 1,0.0,GAGNON Sofiane - CAN
BERGEVIN Mikela - CAN - Canada Cup 1 - 2018 - Qualification 1,69.43,4,Women,16.1,16.5,16.4,15.5,16.8,6.9,7.0,Qualification,2018,2018-Canada Cup 1,Qualification 1,0.0,BERGEVIN Mikela - CAN
MIKKELSEN Maya - CAN - Canadian Championships - 2018 - Qualification 1,61.46,12,Women,14.8,14.8,14.7,14.8,14.6,6.0,6.5,Qualification,2018,2018-Canadian Championships,Qualification 1,0.0,MIKKELSEN Maya - CAN
PERNISIE Hailie - CAN - Canada Cup 3 - 2018 - Qualification 1,36.74,22,Women,11.7,12.1,11.4,11.9,12.7,5.1,4.3,Qualification,2018,2018-Canada Cup 3,Qualification 1,0.0,PERNISIE Hailie - CAN
FINLAYSON Shaina - CAN - Canadian Selections 2 - 2018 - Qualification 1,39.24,29,Women,12.3,12.0,9.8,12.0,11.8,6.7,5.6,Qualification,2018,2018-Canadian Selections 2,Qualification 1,0.0,FINLAYSON Shaina - CAN
DESAUTELS Mia - CAN - Canada Cup 3 - 2018 - Qualification 1,56.64,12,Women,13.7,14.7,15.6,15.5,16.1,6.3,6.0,Qualification,2018,2018-Canada Cup 3,Qualification 1,0.0,DESAUTELS Mia - CAN
DESAUTELS Mia - CAN - Canadian Selections 1 - 2018 - Qualification 2,49.51,19,Women,13.6,10.9,10.5,12.5,11.0,8.4,7.4,Qualification,2018,2018-Canadian Selections 1,Qualification 2,0.0,DESAUTELS Mia - CAN
CAPICIK Chase - CAN - Canada Cup 3 - 2018 - Qualification 1,41.27,18,Women,13.5,15.1,14.9,14.7,13.8,6.7,6.8,Qualification,2018,2018-Canada Cup 3,Qualification 1,0.0,CAPICIK Chase - CAN
KOEHLER Kaylee - CAN - Canada Cup 2 - 2018 - Final 1,25.4,9,Women,16.8,16.2,15.5,15.1,16.0,6.8,6.1,Finals,2018,2018-Canada Cup 2,Final 1,0.0,KOEHLER Kaylee - CAN
MACDONALD Jordan - CAN - Canada Cup 3 - 2018 - Qualification 2,47.2,15,Women,11.8,11.7,12.2,12.1,12.2,5.5,5.2,Qualification,2018,2018-Canada Cup 3,Qualification 2,0.0,MACDONALD Jordan - CAN
TODD Kassidy - CAN - Canadian Selections 1 - 2018 - Qualification 1,60.66,8,Women,13.9,14.1,14.1,14.2,13.8,6.6,7.1,Qualification,2018,2018-Canadian Selections 1,Qualification 1,0.0,TODD Kassidy - CAN
BUTTERWORTH Cassidy - CAN - Canada Cup 3 - 2018 - Qualification 2,53.04,14,Women,13.3,14.2,16.1,15.7,15.0,6.1,6.4,Qualification,2018,2018-Canada Cup 3,Qualification 2,0.0,BUTTERWORTH Cassidy - CAN
KOEHLER Kaylee - CAN - Canada Cup 2 - 2018 - Qualification 1,62.61,9,Women,14.0,15.6,14.6,15.8,16.0,6.1,5.7,Qualification,2018,2018-Canada Cup 2,Qualification 1,0.0,KOEHLER Kaylee - CAN
BRUNELLE Catherine - CAN - Canada Cup 1 - 2018 - Qualification 2,67.57,7,Women,15.8,16.0,16.4,15.7,16.4,7.1,6.2,Qualification,2018,2018-Canada Cup 1,Qualification 2,0.0,BRUNELLE Catherine - CAN
BUTTERWORTH Cassidy - CAN - Canadian Selections 2 - 2018 - Qualification 2,36.31,28,Women,11.1,11.7,10.9,12.6,11.4,6.6,6.6,Qualification,2018,2018-Canadian Selections 2,Qualification 2,0.0,BUTTERWORTH Cassidy - CAN
MARKLE Searik - CAN - Canadian Championships - 2018 - Qualification 1,65.11,8,Women,13.8,15.5,14.3,13.8,15.4,6.5,7.0,Qualification,2018,2018-Canadian Championships,Qualification 1,0.0,MARKLE Searik - CAN
MACDONALD Ainsley - CAN - Canadian Selections 1 - 2018 - Qualification 1,17.18,24,Women,7.4,9.0,8.0,10.5,9.0,2.7,4.0,Qualification,2018,2018-Canadian Selections 1,Qualification 1,0.0,MACDONALD Ainsley - CAN
GAGNON Sofiane - CAN - Canadian Selections 2 - 2018 - Qualification 2,75.36,1,Women,18.0,18.1,17.0,16.0,16.9,7.1,7.4,Qualification,2018,2018-Canadian Selections 2,Qualification 2,0.0,GAGNON Sofiane - CAN
MIKKELSEN Maya - CAN - Canada Cup 3 - 2018 - Final 1,55.48,11,Women,14.9,15.9,15.9,15.8,15.9,5.0,5.2,Finals,2018,2018-Canada Cup 3,Final 1,0.0,MIKKELSEN Maya - CAN
LABELLE Cassandre - CAN - Canadian Championships - 2018 - Qualification 1,60.46,17,Women,14.5,14.5,14.8,14.8,14.7,5.9,5.7,Qualification,2018,2018-Canadian Championships,Qualification 1,0.0,LABELLE Cassandre - CAN
MACDONALD Ainsley - CAN - Canadian Selections 1 - 2018 - Qualification 2,43.94,22,Women,8.2,12.4,12.5,10.5,12.0,7.1,7.0,Qualification,2018,2018-Canadian Selections 1,Qualification 2,0.0,MACDONALD Ainsley - CAN
OTSUKA Sachi - JPN - Canadian Selections 2 - 2018 - Qualification 2,58.25,15,Women,14.1,15.5,14.8,14.0,14.0,6.2,6.1,Qualification,2018,2018-Canadian Selections 2,Qualification 2,0.0,OTSUKA Sachi - JPN
KOBER Chloe - CAN - Canadian Selections 1 - 2018 - Qualification 2,47.97,20,Women,14.3,12.4,12.4,10.8,13.6,5.4,4.9,Qualification,2018,2018-Canadian Selections 1,Qualification 2,0.0,KOBER Chloe - CAN
GAGNON Sofiane - CAN - Canadian Selections 1 - 2018 - Qualification 2,65.85,2,Women,14.6,15.5,15.2,14.0,15.0,6.0,5.6,Qualification,2018,2018-Canadian Selections 1,Qualification 2,0.0,GAGNON Sofiane - CAN
BUTTERWORTH Cassidy - CAN - Canadian Championships - 2018 - Qualification 1,52.17,22,Women,14.9,14.0,14.4,14.2,14.1,4.4,3.1,Qualification,2018,2018-Canadian Championships,Qualification 1,0.0,BUTTERWORTH Cassidy - CAN
KOEHLER Kaylee - CAN - Canada Cup 1 - 2018 - Qualification 1,57.53,11,Women,15.0,14.5,14.4,14.2,14.8,6.1,6.1,Qualification,2018,2018-Canada Cup 1,Qualification 1,0.0,KOEHLER Kaylee - CAN
DESAUTELS Mia - CAN - Canadian Selections 2 - 2018 - Qualification 1,49.46,23,Women,13.7,13.7,13.6,12.5,14.0,6.6,6.0,Qualification,2018,2018-Canadian Selections 2,Qualification 1,0.0,DESAUTELS Mia - CAN
BERGEVIN Mikela - CAN - Canada Cup 1 - 2018 - Qualification 2,72.14,3,Women,17.0,15.9,16.6,16.3,16.5,7.7,7.9,Qualification,2018,2018-Canada Cup 1,Qualification 2,0.0,BERGEVIN Mikela - CAN
SCHWINGHAMER Mackenzie - CAN - Canada Cup 2 - 2018 - Qualification 1,77.83,1,Women,18.0,17.0,18.2,18.4,17.1,7.9,8.0,Qualification,2018,2018-Canada Cup 2,Qualification 1,0.0,SCHWINGHAMER Mackenzie - CAN
NISHITA Reika - JPN - Canadian Selections 1 - 2018 - Qualification 2,60.17,9,Women,13.1,14.4,14.2,12.8,13.0,8.1,7.4,Qualification,2018,2018-Canadian Selections 1,Qualification 2,0.0,NISHITA Reika - JPN
DELSAME Florence - CAN - Canada Cup 2 - 2018 - Qualification 1,71.74,5,Women,17.3,16.7,17.4,17.3,17.2,6.4,6.4,Qualification,2018,2018-Canada Cup 2,Qualification 1,0.0,DELSAME Florence - CAN
GODBOUT Rowanne - CAN - Canada Cup 1 - 2018 - Qualification 1,48.66,15,Women,13.8,14.1,14.0,14.2,14.5,6.3,6.0,Qualification,2018,2018-Canada Cup 1,Qualification 1,0.0,GODBOUT Rowanne - CAN
GILBERT Valerie - CAN - Canadian Selections 2 - 2018 - Qualification 2,44.94,26,Women,17.6,15.6,16.4,16.2,15.8,7.8,8.0,Qualification,2018,2018-Canadian Selections 2,Qualification 2,0.0,GILBERT Valerie - CAN
LINTON Jessica - CAN - Canadian Selections 2 - 2018 - Qualification 1,53.33,19,Women,16.2,13.8,13.3,14.2,13.5,6.7,6.3,Qualification,2018,2018-Canadian Selections 2,Qualification 1,0.0,LINTON Jessica - CAN
KAJIWARA Yuki - JPN - Canadian Selections 1 - 2018 - Qualification 2,62.04,6,Women,13.6,14.7,14.6,14.0,13.8,7.3,7.1,Qualification,2018,2018-Canadian Selections 1,Qualification 2,0.0,KAJIWARA Yuki - JPN
GILBERT Valerie - CAN - Canadian Championships - 2018 - Qualification 1,73.97,2,Women,16.2,16.2,15.6,15.8,16.2,6.5,7.0,Qualification,2018,2018-Canadian Championships,Qualification 1,0.0,GILBERT Valerie - CAN
BROWN Berkley - CAN - Canadian Selections 1 - 2018 - Qualification 2,34.19,25,Women,16.0,15.4,14.5,15.8,14.8,8.7,7.3,Qualification,2018,2018-Canadian Selections 1,Qualification 2,0.0,BROWN Berkley - CAN
SCHWINGHAMMER Maia - CAN - Canada Cup 3 - 2018 - Qualification 1,72.39,3,Women,17.1,16.8,17.4,17.5,17.1,6.8,6.5,Qualification,2018,2018-Canada Cup 3,Qualification 1,0.0,SCHWINGHAMMER Maia - CAN
DELSAME Florence - CAN - Canadian Selections 2 - 2018 - Qualification 2,58.01,17,Women,13.9,15.0,15.9,14.0,14.8,6.1,6.9,Qualification,2018,2018-Canadian Selections 2,Qualification 2,0.0,DELSAME Florence - CAN
BRUNELLE Catherine - CAN - Canadian Selections 2 - 2018 - Qualification 2,56.56,18,Women,14.6,14.3,14.4,14.0,14.6,6.8,7.2,Qualification,2018,2018-Canadian Selections 2,Qualification 2,0.0,BRUNELLE Catherine - CAN
LABELLE Cassandre - CAN - Canadian Selections 2 - 2018 - Qualification 1,47.92,24,Women,13.1,12.6,12.7,14.0,11.0,6.0,5.1,Qualification,2018,2018-Canadian Selections 2,Qualification 1,0.0,LABELLE Cassandre - CAN
KOBER Chloe - CAN - Canada Cup 3 - 2018 - Qualification 2,31.73,22,Women,16.8,16.3,16.3,16.0,16.7,7.8,8.2,Qualification,2018,2018-Canada Cup 3,Qualification 2,0.0,KOBER Chloe - CAN
LINTON Jessica - CAN - Canadian Selections 1 - 2018 - Qualification 1,63.41,4,Women,14.4,15.5,15.7,14.8,15.0,7.8,7.9,Qualification,2018,2018-Canadian Selections 1,Qualification 1,0.0,LINTON Jessica - CAN
DUNHAM Ava - CAN - Canadian Selections 2 - 2018 - Qualification 1,11.3,31,Women,9.8,10.9,10.0,10.8,11.2,5.7,6.5,Qualification,2018,2018-Canadian Selections 2,Qualification 1,0.0,DUNHAM Ava - CAN
GHERT Talya - CAN - Canada Cup 2 - 2018 - Qualification 1,34.67,19,Women,10.0,10.5,11.8,11.3,10.2,6.8,6.0,Qualification,2018,2018-Canada Cup 2,Qualification 1,0.0,GHERT Talya - CAN
DESMARAIS GILBERT Laurianne - CAN - Canadian Selections 2 - 2018 - Qualification 2,64.83,9,Women,13.6,15.9,16.3,15.8,15.0,6.8,7.9,Qualification,2018,2018-Canadian Selections 2,Qualification 2,0.0,DESMARAIS GILBERT Laurianne - CAN
MILLETTE Ode - CAN - Canada Cup 3 - 2018 - Final 1,61.64,7,Women,15.1,15.1,15.2,15.1,15.9,6.4,6.5,Finals,2018,2018-Canada Cup 3,Final 1,0.0,MILLETTE Ode - CAN
SCHWINGHAMER Mackenzie - CAN - Canadian Selections 1 - 2018 - Qualification 1,58.71,9,Women,13.7,13.9,14.8,13.8,14.0,6.8,7.6,Qualification,2018,2018-Canadian Selections 1,Qualification 1,0.0,SCHWINGHAMER Mackenzie - CAN
FORGET Emilie - CAN - Canada Cup 1 - 2018 - Qualification 1,60.92,9,Women,13.0,13.7,15.2,15.8,13.6,8.2,7.5,Qualification,2018,2018-Canada Cup 1,Qualification 1,0.0,FORGET Emilie - CAN
PARKER Madison - CAN - Canada Cup 3 - 2018 - Final 1,59.11,10,Women,14.6,14.8,15.2,14.2,14.9,7.0,7.2,Finals,2018,2018-Canada Cup 3,Final 1,0.0,PARKER Madison - CAN
IHARA Haruka - JPN - Canadian Selections 2 - 2018 - Qualification 2,67.91,7,Women,15.3,15.7,15.4,14.2,15.8,6.4,6.4,Qualification,2018,2018-Canadian Selections 2,Qualification 2,0.0,IHARA Haruka - JPN
DELSAME Florence - CAN - Canadian Selections 1 - 2018 - Qualification 2,60.34,8,Women,13.4,14.4,14.1,15.3,14.0,7.1,7.8,Qualification,2018,2018-Canadian Selections 1,Qualification 2,0.0,DELSAME Florence - CAN
PERNISIE Hailie - CAN - Canada Cup 3 - 2018 - Qualification 2,26.38,25,Women,11.0,11.3,11.5,10.9,11.5,5.0,4.6,Qualification,2018,2018-Canada Cup 3,Qualification 2,0.0,PERNISIE Hailie - CAN
NISHITA Reika - JPN - Canadian Selections 2 - 2018 - Qualification 2,70.57,4,Women,16.7,16.5,13.8,16.0,15.5,6.3,7.1,Qualification,2018,2018-Canadian Selections 2,Qualification 2,0.0,NISHITA Reika - JPN
SCHWINGHAMMER Maia - CAN - Canadian Selections 1 - 2018 - Qualification 2,61.7,7,Women,14.5,14.5,14.1,15.2,13.8,6.2,5.0,Qualification,2018,2018-Canadian Selections 1,Qualification 2,0.0,SCHWINGHAMMER Maia - CAN
SCHWINGHAMER Mackenzie - CAN - Canadian Selections 1 - 2018 - Qualification 2,63.04,4,Women,14.0,14.5,14.6,14.3,14.6,8.0,8.2,Qualification,2018,2018-Canadian Selections 1,Qualification 2,0.0,SCHWINGHAMER Mackenzie - CAN
IHARA Haruka - JPN - Canadian Selections 2 - 2018 - Qualification 1,61.6,8,Women,14.6,14.9,14.6,15.2,14.6,6.4,6.9,Qualification,2018,2018-Canadian Selections 2,Qualification 1,0.0,IHARA Haruka - JPN
GILBERT Valerie - CAN - Canadian Selections 2 - 2018 - Qualification 1,76.6,1,Women,17.6,18.3,18.3,16.0,16.5,8.4,8.4,Qualification,2018,2018-Canadian Selections 2,Qualification 1,0.0,GILBERT Valerie - CAN
VAILLANCOURT Sandrine - CAN - Canadian Selections 1 - 2018 - Qualification 2,52.94,14,Women,10.8,12.0,13.1,11.2,13.0,6.7,7.2,Qualification,2018,2018-Canadian Selections 1,Qualification 2,0.0,VAILLANCOURT Sandrine - CAN
DESMARAIS GILBERT Laurianne - CAN - Canada Cup 1 - 2018 - Qualification 1,74.01,1,Women,16.2,18.1,16.4,16.6,17.9,7.4,6.5,Qualification,2018,2018-Canada Cup 1,Qualification 1,0.0,DESMARAIS GILBERT Laurianne - CAN
HURRY Kiera - CAN - Canada Cup 3 - 2018 - Qualification 2,40.74,18,Women,11.3,12.1,12.3,12.0,11.0,6.0,6.2,Qualification,2018,2018-Canada Cup 3,Qualification 2,0.0,HURRY Kiera - CAN
DESAUTELS Mia - CAN - Canada Cup 3 - 2018 - Qualification 2,54.47,12,Women,14.1,14.6,15.9,15.1,15.5,6.2,6.3,Qualification,2018,2018-Canada Cup 3,Qualification 2,0.0,DESAUTELS Mia - CAN
FINLAYSON Shaina - CAN - Canada Cup 3 - 2018 - Qualification 1,48.02,17,Women,13.6,13.7,15.8,15.5,14.0,4.8,5.2,Qualification,2018,2018-Canada Cup 3,Qualification 1,0.0,FINLAYSON Shaina - CAN
NAKAO Haruka - JPN - Canadian Selections 2 - 2018 - Qualification 1,47.25,25,Women,12.2,12.3,15.9,13.2,13.2,6.0,5.1,Qualification,2018,2018-Canadian Selections 2,Qualification 1,0.0,NAKAO Haruka - JPN
VAILLANCOURT Sandrine - CAN - Canada Cup 2 - 2018 - Qualification 1,71.81,4,Women,17.0,16.0,17.4,16.4,16.8,7.3,6.3,Qualification,2018,2018-Canada Cup 2,Qualification 1,0.0,VAILLANCOURT Sandrine - CAN
MILLETTE Ode - CAN - Canada Cup 2 - 2018 - Qualification 1,55.68,12,Women,15.8,15.1,16.0,16.0,16.2,5.8,5.3,Qualification,2018,2018-Canada Cup 2,Qualification 1,0.0,MILLETTE Ode - CAN
HURRY Kiera - CAN - Canada Cup 2 - 2018 - Qualification 1,39.19,18,Women,12.5,12.5,11.0,12.6,11.0,7.4,7.3,Qualification,2018,2018-Canada Cup 2,Qualification 1,0.0,HURRY Kiera - CAN
KAWATA Yuka - JPN - Canadian Selections 2 - 2018 - Qualification 2,62.05,10,Women,12.6,14.5,14.4,16.4,15.5,7.0,7.5,Qualification,2018,2018-Canadian Selections 2,Qualification 2,0.0,KAWATA Yuka - JPN
LINTON Jessica - CAN - Canadian Selections 1 - 2018 - Qualification 2,59.25,10,Women,12.8,14.3,14.5,14.2,13.0,7.1,7.2,Qualification,2018,2018-Canadian Selections 1,Qualification 2,0.0,LINTON Jessica - CAN
GAGNON Sofiane - CAN - Canadian Selections 1 - 2018 - Qualification 1,63.16,5,Women,15.8,14.4,14.4,12.6,14.8,6.9,6.6,Qualification,2018,2018-Canadian Selections 1,Qualification 1,0.0,GAGNON Sofiane - CAN
BRUNELLE Catherine - CAN - Canada Cup 2 - 2018 - Qualification 1,53.54,15,Women,15.6,16.0,16.2,17.6,15.4,6.8,6.8,Qualification,2018,2018-Canada Cup 2,Qualification 1,0.0,BRUNELLE Catherine - CAN
BROWN Berkley - CAN - Canadian Selections 2 - 2018 - Qualification 1,72.06,3,Women,16.2,16.4,16.0,17.8,16.5,9.1,8.1,Qualification,2018,2018-Canadian Selections 2,Qualification 1,0.0,BROWN Berkley - CAN
CHICK Alexa - CAN - Canada Cup 1 - 2018 - Qualification 2,28.22,18,Women,15.2,15.9,14.8,16.3,15.2,1.0,2.0,Qualification,2018,2018-Canada Cup 1,Qualification 2,0.0,CHICK Alexa - CAN
KOEHLER Ashley - CAN - Canada Cup 2 - 2018 - Qualification 1,75.64,2,Women,16.6,17.9,17.2,16.8,17.0,7.9,7.9,Qualification,2018,2018-Canada Cup 2,Qualification 1,0.0,KOEHLER Ashley - CAN
GILBERT Valerie - CAN - Canadian Selections 1 - 2018 - Qualification 1,68.1,2,Women,15.4,16.3,16.0,15.8,15.6,8.7,8.2,Qualification,2018,2018-Canadian Selections 1,Qualification 1,0.0,GILBERT Valerie - CAN
DESMARAIS GILBERT Laurianne - CAN - Canadian Selections 1 - 2018 - Qualification 2,56.67,13,Women,14.2,14.1,14.3,12.1,13.8,5.9,6.6,Qualification,2018,2018-Canadian Selections 1,Qualification 2,0.0,DESMARAIS GILBERT Laurianne - CAN
GHERT Talya - CAN - Canada Cup 1 - 2018 - Qualification 2,27.38,19,Women,11.2,10.3,10.2,10.0,10.8,3.0,2.7,Qualification,2018,2018-Canada Cup 1,Qualification 2,0.0,GHERT Talya - CAN
DUNHAM Ava - CAN - Canadian Selections 2 - 2018 - Qualification 2,3.96,31,Women,9.4,10.0,9.0,10.6,9.0,5.6,5.8,Qualification,2018,2018-Canadian Selections 2,Qualification 2,0.0,DUNHAM Ava - CAN
GIBSON Olivia - CAN - Canada Cup 3 - 2018 - Qualification 1,54.69,14,Women,14.9,15.1,14.9,13.5,14.8,6.4,7.2,Qualification,2018,2018-Canada Cup 3,Qualification 1,0.0,GIBSON Olivia - CAN
MILLETTE Ode - CAN - Canadian Selections 2 - 2018 - Qualification 2,26.85,30,Women,10.9,13.0,13.5,12.6,13.0,5.9,5.7,Qualification,2018,2018-Canadian Selections 2,Qualification 2,0.0,MILLETTE Ode - CAN
DELSAME Florence - CAN - Canada Cup 1 - 2018 - Qualification 1,72.17,3,Women,15.8,16.2,16.8,17.0,16.5,8.0,7.8,Qualification,2018,2018-Canada Cup 1,Qualification 1,0.0,DELSAME Florence - CAN
PARKER Madison - CAN - Canada Cup 2 - 2018 - Final 1,69.15,7,Women,16.5,15.6,16.1,16.9,15.8,7.2,7.3,Finals,2018,2018-Canada Cup 2,Final 1,0.0,PARKER Madison - CAN
DESAUTELS Mia - CAN - Canada Cup 2 - 2018 - Final 1,69.58,6,Women,15.8,16.3,16.0,16.0,16.8,7.7,7.6,Finals,2018,2018-Canada Cup 2,Final 1,0.0,DESAUTELS Mia - CAN
GILBERT Valerie - CAN - Canadian Championships - 2018 - Final 1,76.43,3,Women,16.4,16.4,16.5,16.8,16.4,8.3,8.7,Finals,2018,2018-Canadian Championships,Final 1,0.0,GILBERT Valerie - CAN
LINTON Jessica - CAN - Canadian Selections 2 - 2018 - Qualification 2,56.15,19,Women,14.9,14.8,15.8,14.6,15.5,7.2,7.0,Qualification,2018,2018-Canadian Selections 2,Qualification 2,0.0,LINTON Jessica - CAN
PARKER Madison - CAN - Canada Cup 1 - 2018 - Qualification 2,69.44,5,Women,15.8,16.2,15.4,16.1,14.8,7.4,7.7,Qualification,2018,2018-Canada Cup 1,Qualification 2,0.0,PARKER Madison - CAN
KOBER Chloe - CAN - Canadian Championships - 2018 - Qualification 1,61.22,14,Women,15.1,15.6,15.3,15.2,15.0,5.1,4.9,Qualification,2018,2018-Canadian Championships,Qualification 1,0.0,KOBER Chloe - CAN
KAWATA Yuka - JPN - Canadian Selections 2 - 2018 - Qualification 1,55.45,17,Women,13.3,13.5,13.7,13.8,13.0,6.5,6.7,Qualification,2018,2018-Canadian Selections 2,Qualification 1,0.0,KAWATA Yuka - JPN
FUKUSHIMA Shunka - JPN - Canadian Selections 1 - 2018 - Qualification 1,55.45,13,Women,13.9,12.5,12.3,14.2,12.8,6.1,7.4,Qualification,2018,2018-Canadian Selections 1,Qualification 1,0.0,FUKUSHIMA Shunka - JPN
KAJIWARA Yuki - JPN - Canadian Selections 2 - 2018 - Qualification 2,72.71,2,Women,16.7,16.9,16.6,14.2,16.8,8.2,7.9,Qualification,2018,2018-Canadian Selections 2,Qualification 2,0.0,KAJIWARA Yuki - JPN
DELSAME Florence - CAN - Canadian Selections 1 - 2018 - Qualification 1,54.34,14,Women,12.9,13.6,13.9,13.8,14.0,5.8,6.1,Qualification,2018,2018-Canadian Selections 1,Qualification 1,0.0,DELSAME Florence - CAN
MILLETTE Ode - CAN - Canadian Selections 2 - 2018 - Qualification 1,50.29,22,Women,14.6,14.0,13.9,14.8,14.5,5.1,5.4,Qualification,2018,2018-Canadian Selections 2,Qualification 1,0.0,MILLETTE Ode - CAN
MIKKELSEN Maya - CAN - Canadian Selections 2 - 2018 - Qualification 2,54.23,21,Women,14.1,13.9,13.3,14.0,14.2,6.0,5.0,Qualification,2018,2018-Canadian Selections 2,Qualification 2,0.0,MIKKELSEN Maya - CAN
FORGET Emilie - CAN - Canada Cup 2 - 2018 - Qualification 1,67.37,6,Women,15.3,16.5,15.4,16.4,16.4,7.0,6.8,Qualification,2018,2018-Canada Cup 2,Qualification 1,0.0,FORGET Emilie - CAN
VAILLANCOURT Sandrine - CAN - Canadian Championships - 2018 - Final 1,67.81,9,Women,15.9,15.6,15.3,15.8,15.8,7.1,6.8,Finals,2018,2018-Canadian Championships,Final 1,0.0,VAILLANCOURT Sandrine - CAN
HURRY Kiera - CAN - Canada Cup 1 - 2018 - Qualification 1,25.38,19,Women,14.2,12.0,11.3,13.3,11.8,7.9,7.9,Qualification,2018,2018-Canada Cup 1,Qualification 1,0.0,HURRY Kiera - CAN
LINTON Jessica - CAN - Canada Cup 3 - 2018 - Qualification 1,57.29,11,Women,13.9,14.0,15.6,15.0,14.0,6.3,6.9,Qualification,2018,2018-Canada Cup 3,Qualification 1,0.0,LINTON Jessica - CAN
MARKLE Searik - CAN - Canadian Championships - 2018 - Final 1,68.01,8,Women,16.0,15.8,15.5,15.9,15.0,7.2,6.3,Finals,2018,2018-Canadian Championships,Final 1,0.0,MARKLE Searik - CAN
KAWATA Yuka - JPN - Canadian Selections 1 - 2018 - Qualification 1,15.13,25,Women,10.5,10.5,11.8,13.2,12.5,0.0,0.0,Qualification,2018,2018-Canadian Selections 1,Qualification 1,0.0,KAWATA Yuka - JPN
NISHITA Reika - JPN - Canadian Selections 1 - 2018 - Qualification 1,61.13,7,Women,11.9,14.3,13.9,13.5,13.6,7.6,8.0,Qualification,2018,2018-Canadian Selections 1,Qualification 1,0.0,NISHITA Reika - JPN
KOBER Chloe - CAN - Canadian Selections 1 - 2018 - Qualification 1,48.58,19,Women,13.2,11.8,11.4,12.0,12.0,6.5,6.0,Qualification,2018,2018-Canadian Selections 1,Qualification 1,0.0,KOBER Chloe - CAN
TODD Kassidy - CAN - Canadian Championships - 2018 - Qualification 1,63.42,10,Women,14.0,15.4,14.7,15.2,15.3,4.2,4.4,Qualification,2018,2018-Canadian Championships,Qualification 1,0.0,TODD Kassidy - CAN
LINTON Jessica - CAN - Canadian Championships - 2018 - Qualification 1,62.95,11,Women,14.0,15.3,15.3,15.2,15.0,5.3,5.9,Qualification,2018,2018-Canadian Championships,Qualification 1,0.0,LINTON Jessica - CAN
BRUNELLE Catherine - CAN - Canadian Championships - 2018 - Qualification 1,58.24,19,Women,15.5,15.5,14.9,15.3,14.6,5.1,5.1,Qualification,2018,2018-Canadian Championships,Qualification 1,0.0,BRUNELLE Catherine - CAN
GHERT Talya - CAN - Canada Cup 1 - 2018 - Qualification 1,13.97,21,Women,12.6,12.5,13.4,11.7,11.5,6.3,6.2,Qualification,2018,2018-Canada Cup 1,Qualification 1,0.0,GHERT Talya - CAN
KAJIWARA Yuki - JPN - Canadian Selections 1 - 2018 - Qualification 1,62.97,6,Women,16.4,15.2,14.3,14.3,14.8,6.6,6.4,Qualification,2018,2018-Canadian Selections 1,Qualification 1,0.0,KAJIWARA Yuki - JPN
MIKKELSEN Maya - CAN - Canada Cup 3 - 2018 - Qualification 2,66.59,6,Women,16.8,15.8,16.7,16.3,15.9,5.6,5.2,Qualification,2018,2018-Canada Cup 3,Qualification 2,0.0,MIKKELSEN Maya - CAN
WOLFE Marie  Elizabeth - CAN - Canada Cup 2 - 2018 - Qualification 1,52.04,16,Women,12.8,13.6,13.6,13.4,12.4,5.2,5.5,Qualification,2018,2018-Canada Cup 2,Qualification 1,0.0,WOLFE Marie  Elizabeth - CAN
FORGET Emilie - CAN - Canada Cup 1 - 2018 - Qualification 2,61.72,9,Women,13.6,14.8,14.8,14.7,13.0,8.1,7.8,Qualification,2018,2018-Canada Cup 1,Qualification 2,0.0,FORGET Emilie - CAN
PARKER Madison - CAN - Canadian Selections 2 - 2018 - Qualification 2,55.97,20,Women,13.6,14.1,14.6,14.5,13.2,6.1,6.7,Qualification,2018,2018-Canadian Selections 2,Qualification 2,0.0,PARKER Madison - CAN
LABELLE Cassandre - CAN - Canadian Selections 1 - 2018 - Qualification 1,9.65,29,Women,10.7,10.0,9.8,10.5,10.0,1.8,1.5,Qualification,2018,2018-Canadian Selections 1,Qualification 1,0.0,LABELLE Cassandre - CAN
DESAUTELS Mia - CAN - Canada Cup 2 - 2018 - Qualification 1,66.7,7,Women,17.0,16.5,16.2,16.1,16.4,7.6,7.3,Qualification,2018,2018-Canada Cup 2,Qualification 1,0.0,DESAUTELS Mia - CAN
SCHWINGHAMMER Maia - CAN - Canadian Selections 1 - 2018 - Qualification 1,20.54,23,Women,12.8,10.7,11.6,11.5,11.0,7.0,7.6,Qualification,2018,2018-Canadian Selections 1,Qualification 1,0.0,SCHWINGHAMMER Maia - CAN
TODD Kassidy - CAN - Canadian Selections 2 - 2018 - Qualification 2,61.77,11,Women,15.1,14.3,14.6,14.2,14.4,7.7,7.4,Qualification,2018,2018-Canadian Selections 2,Qualification 2,0.0,TODD Kassidy - CAN
TANIGUCHI Ayaho - JPN - Canadian Selections 1 - 2018 - Qualification 1,64.67,3,Women,14.8,14.5,14.9,16.2,15.8,7.3,7.7,Qualification,2018,2018-Canadian Selections 1,Qualification 1,0.0,TANIGUCHI Ayaho - JPN
VAILLANCOURT Sandrine - CAN - Canada Cup 2 - 2018 - Final 1,73.25,4,Women,16.8,16.0,17.6,18.2,17.0,7.4,7.1,Finals,2018,2018-Canada Cup 2,Final 1,0.0,VAILLANCOURT Sandrine - CAN
NEISH Jory - CAN - Canada Cup 1 - 2018 - Qualification 2,24.15,20,Women,10.0,11.5,10.8,11.3,10.4,6.0,5.9,Qualification,2018,2018-Canada Cup 1,Qualification 2,0.0,NEISH Jory - CAN
HURRY Kiera - CAN - Canada Cup 1 - 2018 - Qualification 2,33.82,17,Women,11.5,11.9,10.8,11.6,11.5,8.2,7.9,Qualification,2018,2018-Canada Cup 1,Qualification 2,0.0,HURRY Kiera - CAN
KAWATA Yuka - JPN - Canadian Selections 1 - 2018 - Qualification 2,51.35,18,Women,13.0,13.3,13.8,11.2,11.0,6.2,6.7,Qualification,2018,2018-Canadian Selections 1,Qualification 2,0.0,KAWATA Yuka - JPN
GAGNON Alex Anne - CAN - Canadian Championships - 2018 - Qualification 1,73.55,4,Women,16.5,16.2,16.3,16.5,15.9,7.1,7.0,Qualification,2018,2018-Canadian Championships,Qualification 1,0.0,GAGNON Alex Anne - CAN
CAPICIK Chase - CAN - Canada Cup 3 - 2018 - Qualification 2,59.52,11,Women,13.2,15.8,15.3,14.9,15.5,7.1,7.6,Qualification,2018,2018-Canada Cup 3,Qualification 2,0.0,CAPICIK Chase - CAN
IHARA Haruka - JPN - Canadian Selections 1 - 2018 - Qualification 1,55.82,12,Women,12.2,14.2,14.7,13.5,13.0,6.7,6.4,Qualification,2018,2018-Canadian Selections 1,Qualification 1,0.0,IHARA Haruka - JPN
DELSAME Florence - CAN - Canada Cup 1 - 2018 - Qualification 2,73.41,2,Women,16.8,16.9,17.2,18.4,17.4,7.2,6.9,Qualification,2018,2018-Canada Cup 1,Qualification 2,0.0,DELSAME Florence - CAN
MIKKELSEN Maya - CAN - Canadian Selections 1 - 2018 - Qualification 2,52.45,16,Women,13.4,13.1,12.8,14.6,13.0,6.3,6.1,Qualification,2018,2018-Canadian Selections 1,Qualification 2,0.0,MIKKELSEN Maya - CAN
WOLFE Marie  Elizabeth - CAN - Canada Cup 1 - 2018 - Qualification 1,54.28,12,Women,14.8,1.2,14.8,11.2,13.4,7.4,8.0,Qualification,2018,2018-Canada Cup 1,Qualification 1,0.0,WOLFE Marie  Elizabeth - CAN
DELSAME Florence - CAN - Canada Cup 2 - 2018 - Final 1,74.18,3,Women,17.2,17.0,17.2,18.0,17.2,6.0,6.8,Finals,2018,2018-Canada Cup 2,Final 1,0.0,DELSAME Florence - CAN
TODD Kassidy - CAN - Canada Cup 3 - 2018 - Qualification 2,69.24,4,Women,14.9,16.4,17.0,16.6,17.1,6.1,5.8,Qualification,2018,2018-Canada Cup 3,Qualification 2,0.0,TODD Kassidy - CAN
WOLFE Marie  Elizabeth - CAN - Canada Cup 1 - 2018 - Qualification 2,56.21,12,Women,13.9,14.0,13.6,11.3,13.2,8.0,7.8,Qualification,2018,2018-Canada Cup 1,Qualification 2,0.0,WOLFE Marie  Elizabeth - CAN
SIKORA Sydney - CAN - Canada Cup 3 - 2018 - Qualification 1,19.88,28,Women,12.3,12.9,13.4,13.1,10.9,2.1,3.0,Qualification,2018,2018-Canada Cup 3,Qualification 1,0.0,SIKORA Sydney - CAN
BOULIANNE Annarose - CAN - Canada Cup 1 - 2018 - Qualification 1,51.66,13,Women,14.0,13.8,12.8,12.5,13.0,4.2,4.0,Qualification,2018,2018-Canada Cup 1,Qualification 1,0.0,BOULIANNE Annarose - CAN
OTSUKA Sachi - JPN - Canadian Selections 1 - 2018 - Qualification 1,51.61,16,Women,12.7,13.7,13.2,14.8,13.0,5.9,5.0,Qualification,2018,2018-Canadian Selections 1,Qualification 1,0.0,OTSUKA Sachi - JPN
GAGNON Alex Anne - CAN - Canadian Championships - 2018 - Final 1,75.0,4,Women,16.3,16.5,16.4,16.5,16.7,6.9,7.1,Finals,2018,2018-Canadian Championships,Final 1,0.0,GAGNON Alex Anne - CAN
KOBER Chloe - CAN - Canadian Selections 2 - 2018 - Qualification 2,47.3,25,Women,14.9,11.8,10.4,13.8,11.0,5.6,6.0,Qualification,2018,2018-Canadian Selections 2,Qualification 2,0.0,KOBER Chloe - CAN
SIKORA Sydney - CAN - Canada Cup 3 - 2018 - Qualification 2,8.44,27,Women,10.7,11.0,13.1,10.5,10.7,5.0,5.6,Qualification,2018,2018-Canada Cup 3,Qualification 2,0.0,SIKORA Sydney - CAN
SCHWINGHAMMER Maia - CAN - Canadian Championships - 2018 - Final 1,72.96,5,Women,15.9,16.2,16.2,16.2,16.6,6.5,7.0,Finals,2018,2018-Canadian Championships,Final 1,0.0,SCHWINGHAMMER Maia - CAN
PARKER Madison - CAN - Canada Cup 3 - 2018 - Qualification 2,63.44,8,Women,14.6,15.9,16.0,15.8,14.6,7.0,6.8,Qualification,2018,2018-Canada Cup 3,Qualification 2,0.0,PARKER Madison - CAN
GAGNON Sofiane - CAN - Canadian Selections 2 - 2018 - Qualification 1,73.85,2,Women,17.6,17.5,17.6,15.6,16.8,6.8,7.1,Qualification,2018,2018-Canadian Selections 2,Qualification 1,0.0,GAGNON Sofiane - CAN
SCHWINGHAMMER Maia - CAN - Canada Cup 3 - 2018 - Qualification 2,73.61,3,Women,17.4,17.0,17.4,17.4,17.0,6.9,6.6,Qualification,2018,2018-Canada Cup 3,Qualification 2,0.0,SCHWINGHAMMER Maia - CAN
BUTTERWORTH Cassidy - CAN - Canada Cup 3 - 2018 - Qualification 1,52.72,15,Women,13.7,14.4,16.1,15.5,13.8,5.0,6.2,Qualification,2018,2018-Canada Cup 3,Qualification 1,0.0,BUTTERWORTH Cassidy - CAN
SPARROW Demitra - CAN - Canada Cup 3 - 2018 - Qualification 1,32.38,26,Women,10.4,10.3,11.6,10.3,9.1,6.0,4.9,Qualification,2018,2018-Canada Cup 3,Qualification 1,0.0,SPARROW Demitra - CAN
BRUNELLE Catherine - CAN - Canadian Selections 2 - 2018 - Qualification 1,46.68,26,Women,11.9,13.9,13.8,12.0,11.8,7.2,6.2,Qualification,2018,2018-Canadian Selections 2,Qualification 1,0.0,BRUNELLE Catherine - CAN
BROWN Berkley - CAN - Canadian Selections 1 - 2018 - Qualification 1,68.23,1,Women,15.7,15.6,15.7,15.0,16.0,6.9,7.9,Qualification,2018,2018-Canadian Selections 1,Qualification 1,0.0,BROWN Berkley - CAN
BRUNELLE Catherine - CAN - Canada Cup 1 - 2018 - Qualification 1,29.22,18,Women,15.8,15.1,16.0,16.0,16.0,1.5,1.1,Qualification,2018,2018-Canada Cup 1,Qualification 1,0.0,BRUNELLE Catherine - CAN
PERNITSKY Lillian - CAN - Canada Cup 3 - 2018 - Qualification 2,45.75,16,Women,14.0,12.3,13.0,12.3,15.0,0.0,0.0,Qualification,2018,2018-Canada Cup 3,Qualification 2,0.0,PERNITSKY Lillian - CAN
BOULIANNE Annarose - CAN - Canada Cup 1 - 2018 - Qualification 2,51.22,15,Women,12.3,12.3,12.5,12.0,12.0,6.3,6.0,Qualification,2018,2018-Canada Cup 1,Qualification 2,0.0,BOULIANNE Annarose - CAN
FINLAYSON Shaina - CAN - Canadian Selections 1 - 2018 - Qualification 2,24.21,27,Women,10.7,10.0,9.8,11.0,11.0,5.1,4.6,Qualification,2018,2018-Canadian Selections 1,Qualification 2,0.0,FINLAYSON Shaina - CAN
KOEHLER Kaylee - CAN - Canada Cup 1 - 2018 - Qualification 2,60.26,11,Women,16.2,16.0,14.6,14.5,15.4,6.4,6.5,Qualification,2018,2018-Canada Cup 1,Qualification 2,0.0,KOEHLER Kaylee - CAN
MIKKELSEN Maya - CAN - Canadian Selections 2 - 2018 - Qualification 1,60.73,10,Women,13.9,15.4,15.4,13.8,15.0,6.4,7.4,Qualification,2018,2018-Canadian Selections 2,Qualification 1,0.0,MIKKELSEN Maya - CAN
BRUNELLE Catherine - CAN - Canadian Selections 1 - 2018 - Qualification 1,44.52,21,Women,10.9,10.7,12.1,10.8,11.0,7.2,7.2,Qualification,2018,2018-Canadian Selections 1,Qualification 1,0.0,BRUNELLE Catherine - CAN
DELSAME Florence - CAN - Canadian Selections 2 - 2018 - Qualification 1,56.66,15,Women,12.6,14.9,15.8,12.6,15.0,7.3,7.9,Qualification,2018,2018-Canadian Selections 2,Qualification 1,0.0,DELSAME Florence - CAN
SCHWINGHAMMER Maia - CAN - Canadian Championships - 2018 - Qualification 1,72.23,5,Women,14.8,15.4,15.4,15.9,15.7,8.2,8.8,Qualification,2018,2018-Canadian Championships,Qualification 1,0.0,SCHWINGHAMMER Maia - CAN
MILLETTE Ode - CAN - Canada Cup 3 - 2018 - Qualification 2,64.41,7,Women,16.0,15.9,16.0,16.0,16.7,6.8,7.0,Qualification,2018,2018-Canada Cup 3,Qualification 2,0.0,MILLETTE Ode - CAN
SCHWINGHAMER Mackenzie - CAN - Canada Cup 3 - 2018 - Final 1,73.98,2,Women,16.6,17.1,16.5,16.6,17.2,7.9,8.0,Finals,2018,2018-Canada Cup 3,Final 1,0.0,SCHWINGHAMER Mackenzie - CAN
KOEHLER Ashley - CAN - Canada Cup 1 - 2018 - Qualification 2,71.18,4,Women,15.8,16.7,17.0,16.6,16.3,8.2,8.0,Qualification,2018,2018-Canada Cup 1,Qualification 2,0.0,KOEHLER Ashley - CAN
VAILLANCOURT Sandrine - CAN - Canadian Selections 2 - 2018 - Qualification 1,55.26,18,Women,15.7,15.7,15.4,13.5,14.0,7.0,7.8,Qualification,2018,2018-Canadian Selections 2,Qualification 1,0.0,VAILLANCOURT Sandrine - CAN
TANIGUCHI Ayaho - JPN - Canadian Selections 2 - 2018 - Qualification 1,51.56,21,Women,14.5,14.0,12.8,14.2,11.5,8.2,7.8,Qualification,2018,2018-Canadian Selections 2,Qualification 1,0.0,TANIGUCHI Ayaho - JPN
MILLETTE Ode - CAN - Canada Cup 1 - 2018 - Qualification 2,54.59,13,Women,15.7,15.9,16.0,14.9,15.8,7.0,6.3,Qualification,2018,2018-Canada Cup 1,Qualification 2,0.0,MILLETTE Ode - CAN
VAILLANCOURT Sandrine - CAN - Canada Cup 3 - 2018 - Qualification 1,67.29,5,Women,16.9,15.9,15.9,15.7,16.7,7.2,7.3,Qualification,2018,2018-Canada Cup 3,Qualification 1,0.0,VAILLANCOURT Sandrine - CAN
PERNITSKY Lillian - CAN - Canada Cup 3 - 2018 - Qualification 1,33.46,25,Women,13.9,12.3,12.0,12.1,14.8,0.0,0.0,Qualification,2018,2018-Canada Cup 3,Qualification 1,0.0,PERNITSKY Lillian - CAN
MARKLE Searik - CAN - Canada Cup 3 - 2018 - Qualification 1,78.04,1,Women,17.1,17.9,17.8,17.7,17.7,7.3,6.5,Qualification,2018,2018-Canada Cup 3,Qualification 1,0.0,MARKLE Searik - CAN
CHICK Alexa - CAN - Canada Cup 1 - 2018 - Qualification 1,59.6,10,Women,15.0,15.7,15.0,15.4,14.0,5.8,5.8,Qualification,2018,2018-Canada Cup 1,Qualification 1,0.0,CHICK Alexa - CAN
BERGEVIN Mikela - CAN - Canadian Selections 1 - 2018 - Qualification 1,11.39,27,Women,8.5,9.5,12.8,10.8,10.0,3.7,4.0,Qualification,2018,2018-Canadian Selections 1,Qualification 1,0.0,BERGEVIN Mikela - CAN
TODD Kassidy - CAN - Canadian Selections 2 - 2018 - Qualification 1,60.64,11,Women,15.7,15.5,13.9,15.6,14.0,6.5,5.9,Qualification,2018,2018-Canadian Selections 2,Qualification 1,0.0,TODD Kassidy - CAN
PARKER Madison - CAN - Canada Cup 1 - 2018 - Qualification 1,62.21,8,Women,14.7,14.4,15.3,14.3,15.0,5.4,5.7,Qualification,2018,2018-Canada Cup 1,Qualification 1,0.0,PARKER Madison - CAN
RYKUITER Jamie - CAN - Canada Cup 3 - 2018 - Qualification 1,52.14,16,Women,13.7,14.0,15.2,15.4,13.7,6.4,5.8,Qualification,2018,2018-Canada Cup 3,Qualification 1,0.0,RYKUITER Jamie - CAN
CHICK Alexa - CAN - Canada Cup 3 - 2018 - Qualification 1,62.87,8,Women,13.1,15.3,16.0,15.8,15.5,7.7,7.5,Qualification,2018,2018-Canada Cup 3,Qualification 1,0.0,CHICK Alexa - CAN
RYKUITER Jamie - CAN - Canada Cup 3 - 2018 - Qualification 2,53.71,13,Women,13.6,13.9,15.2,15.6,14.0,6.3,5.4,Qualification,2018,2018-Canada Cup 3,Qualification 2,0.0,RYKUITER Jamie - CAN
RYKUITER Jamie - CAN - Canadian Selections 1 - 2018 - Qualification 2,40.78,23,Women,11.2,12.7,11.9,12.2,11.0,4.8,4.0,Qualification,2018,2018-Canadian Selections 1,Qualification 2,0.0,RYKUITER Jamie - CAN
NISHITA Reika - JPN - Canadian Selections 2 - 2018 - Qualification 1,63.89,7,Women,14.2,14.9,15.4,13.8,13.9,7.6,6.7,Qualification,2018,2018-Canadian Selections 2,Qualification 1,0.0,NISHITA Reika - JPN
SPARROW Demitra - CAN - Canada Cup 3 - 2018 - Qualification 2,32.84,21,Women,10.6,10.4,11.5,11.4,12.0,7.3,7.0,Qualification,2018,2018-Canada Cup 3,Qualification 2,0.0,SPARROW Demitra - CAN
VAILLANCOURT Sandrine - CAN - Canadian Selections 1 - 2018 - Qualification 1,22.32,22,Women,13.5,13.0,13.9,12.5,13.0,1.7,1.9,Qualification,2018,2018-Canadian Selections 1,Qualification 1,0.0,VAILLANCOURT Sandrine - CAN
MILLETTE Ode - CAN - Canada Cup 3 - 2018 - Qualification 1,60.82,9,Women,16.4,15.7,15.5,15.1,16.8,5.9,5.5,Qualification,2018,2018-Canada Cup 3,Qualification 1,0.0,MILLETTE Ode - CAN
DELSAME Florence - CAN - Canada Cup 3 - 2018 - Qualification 1,76.34,2,Women,17.8,17.8,17.5,17.6,18.1,7.9,8.6,Qualification,2018,2018-Canada Cup 3,Qualification 1,0.0,DELSAME Florence - CAN
MARKLE Searik - CAN - Canadian Selections 2 - 2018 - Qualification 1,61.06,9,Women,14.9,15.0,14.4,14.8,14.9,7.0,6.2,Qualification,2018,2018-Canadian Selections 2,Qualification 1,0.0,MARKLE Searik - CAN
SCHWINGHAMER Mackenzie - CAN - Canada Cup 3 - 2018 - Qualification 2,74.11,2,Women,17.5,17.2,17.3,17.3,17.9,7.1,7.6,Qualification,2018,2018-Canada Cup 3,Qualification 2,0.0,SCHWINGHAMER Mackenzie - CAN
BRUNELLE Catherine - CAN - Canadian Selections 1 - 2018 - Qualification 2,51.54,17,Women,13.1,13.5,13.7,12.6,13.8,6.3,6.0,Qualification,2018,2018-Canadian Selections 1,Qualification 2,0.0,BRUNELLE Catherine - CAN
DESMARAIS GILBERT Laurianne - CAN - Canada Cup 1 - 2018 - Qualification 2,13.78,21,Women,14.2,14.5,14.4,14.0,15.0,2.4,2.5,Qualification,2018,2018-Canada Cup 1,Qualification 2,0.0,DESMARAIS GILBERT Laurianne - CAN
MILLETTE Ode - CAN - Canadian Selections 1 - 2018 - Qualification 1,10.4,28,Women,10.1,10.1,10.4,10.8,11.0,4.2,4.0,Qualification,2018,2018-Canadian Selections 1,Qualification 1,0.0,MILLETTE Ode - CAN
DESMARAIS GILBERT Laurianne - CAN - Canada Cup 2 - 2018 - Final 1,74.33,2,Women,17.4,18.1,16.8,18.0,17.6,7.8,7.5,Finals,2018,2018-Canada Cup 2,Final 1,0.0,DESMARAIS GILBERT Laurianne - CAN
STODDART Clare - CAN - Canada Cup 3 - 2018 - Qualification 1,33.9,23,Women,12.0,10.8,10.3,10.4,10.7,4.5,4.1,Qualification,2018,2018-Canada Cup 3,Qualification 1,0.0,STODDART Clare - CAN
PARKER Madison - CAN - Canadian Selections 2 - 2018 - Qualification 1,55.54,16,Women,12.3,14.4,14.3,14.2,13.8,6.8,6.7,Qualification,2018,2018-Canadian Selections 2,Qualification 1,0.0,PARKER Madison - CAN
VIAU Emmanuelle - CAN - Canada Cup 1 - 2018 - Qualification 1,38.77,17,Women,11.8,13.8,14.6,12.7,11.4,4.9,5.0,Qualification,2018,2018-Canada Cup 1,Qualification 1,0.0,VIAU Emmanuelle - CAN
BROWN Berkley - CAN - Canadian Championships - 2018 - Final 1,78.69,2,Women,16.5,16.0,15.8,17.5,16.5,9.1,8.2,Finals,2018,2018-Canadian Championships,Final 1,0.0,BROWN Berkley - CAN
FUKUSHIMA Shunka - JPN - Canadian Selections 2 - 2018 - Qualification 2,60.04,14,Women,15.6,14.7,14.7,16.0,15.0,7.2,7.4,Qualification,2018,2018-Canadian Selections 2,Qualification 2,0.0,FUKUSHIMA Shunka - JPN
KOBER Chloe - CAN - Canada Cup 3 - 2018 - Final 1,63.38,6,Women,15.0,15.6,15.3,15.0,15.3,6.6,6.3,Finals,2018,2018-Canada Cup 3,Final 1,0.0,KOBER Chloe - CAN
STODDART Clare - CAN - Canada Cup 3 - 2018 - Qualification 2,36.6,19,Women,12.0,10.4,10.8,10.7,12.2,4.6,4.1,Qualification,2018,2018-Canada Cup 3,Qualification 2,0.0,STODDART Clare - CAN
